ImageID,Label
1,3.0
2,6.0
3,9.0
4,5.0
5,6.0
6,5.0
7,6.0
8,0.0
9,0.0
10,1.0
11,7.0
12,1.0
13,5.0
14,7.0
15,8.0
16,1.0
17,1.0
18,5.0
19,9.0
20,6.0
21,9.0
22,2.0
23,2.0
24,8.0
25,4.0
26,6.0
27,2.0
28,5.0
29,4.0
30,4.0
31,8.0
32,2.0
33,8.0
34,9.0
35,3.0
36,8.0
37,4.0
38,5.0
39,2.0
40,7.0
41,6.0
42,3.0
43,1.0
44,7.0
45,9.0
46,7.0
47,4.0
48,2.0
49,5.0
50,0.0
51,0.0
52,3.0
53,3.0
54,8.0
55,5.0
56,1.0
57,3.0
58,1.0
59,3.0
60,5.0
61,4.0
62,6.0
63,4.0
64,7.0
65,8.0
66,2.0
67,4.0
68,8.0
69,1.0
70,2.0
71,0.0
72,0.0
73,6.0
74,5.0
75,7.0
76,0.0
77,9.0
78,1.0
79,9.0
80,2.0
81,0.0
82,4.0
83,3.0
84,3.0
85,2.0
86,8.0
87,7.0
88,6.0
89,5.0
90,8.0
91,7.0
92,9.0
93,2.0
94,8.0
95,8.0
96,4.0
97,9.0
98,1.0
99,5.0
100,1.0
101,6.0
102,5.0
103,7.0
104,9.0
105,1.0
106,2.0
107,9.0
108,4.0
109,0.0
110,4.0
111,5.0
112,8.0
113,1.0
114,3.0
115,1.0
116,7.0
117,2.0
118,5.0
119,7.0
120,3.0
121,3.0
122,7.0
123,5.0
124,0.0
125,9.0
126,3.0
127,6.0
128,6.0
129,3.0
130,3.0
131,5.0
132,0.0
133,9.0
134,2.0
135,6.0
136,0.0
137,4.0
138,3.0
139,1.0
140,7.0
141,4.0
142,1.0
143,1.0
144,9.0
145,8.0
146,6.0
147,3.0
148,7.0
149,0.0
150,4.0
151,7.0
152,3.0
153,9.0
154,1.0
155,7.0
156,3.0
157,1.0
158,5.0
159,0.0
160,9.0
161,9.0
162,1.0
163,7.0
164,2.0
165,1.0
166,1.0
167,5.0
168,1.0
169,5.0
170,6.0
171,9.0
172,8.0
173,3.0
174,4.0
175,3.0
176,7.0
177,6.0
178,4.0
179,9.0
180,1.0
181,6.0
182,4.0
183,4.0
184,3.0
185,7.0
186,2.0
187,9.0
188,3.0
189,1.0
190,1.0
191,5.0
192,7.0
193,0.0
194,0.0
195,5.0
196,1.0
197,8.0
198,6.0
199,2.0
200,9.0
201,8.0
202,5.0
203,3.0
204,7.0
205,2.0
206,6.0
207,9.0
208,5.0
209,0.0
210,3.0
211,3.0
212,2.0
213,8.0
214,6.0
215,1.0
216,7.0
217,4.0
218,8.0
219,8.0
220,9.0
221,1.0
222,4.0
223,0.0
224,1.0
225,4.0
226,1.0
227,5.0
228,2.0
229,5.0
230,0.0
231,9.0
232,2.0
233,3.0
234,9.0
235,1.0
236,4.0
237,7.0
238,0.0
239,0.0
240,5.0
241,6.0
242,0.0
243,1.0
244,5.0
245,7.0
246,7.0
247,2.0
248,4.0
249,2.0
250,1.0
251,5.0
252,6.0
253,8.0
254,2.0
255,9.0
256,1.0
257,6.0
258,1.0
259,5.0
260,6.0
261,2.0
262,2.0
263,4.0
264,0.0
265,4.0
266,3.0
267,5.0
268,4.0
269,9.0
270,6.0
271,6.0
272,4.0
273,9.0
274,4.0
275,8.0
276,7.0
277,4.0
278,4.0
279,2.0
280,4.0
281,8.0
282,8.0
283,6.0
284,8.0
285,6.0
286,1.0
287,2.0
288,7.0
289,3.0
290,8.0
291,7.0
292,8.0
293,4.0
294,1.0
295,0.0
296,7.0
297,2.0
298,0.0
299,6.0
300,5.0
301,5.0
302,0.0
303,7.0
304,6.0
305,5.0
306,0.0
307,3.0
308,7.0
309,4.0
310,7.0
311,5.0
312,9.0
313,1.0
314,9.0
315,7.0
316,3.0
317,6.0
318,9.0
319,5.0
320,3.0
321,0.0
322,1.0
323,7.0
324,1.0
325,2.0
326,5.0
327,6.0
328,6.0
329,1.0
330,0.0
331,3.0
332,3.0
333,8.0
334,6.0
335,7.0
336,2.0
337,4.0
338,7.0
339,9.0
340,1.0
341,8.0
342,7.0
343,0.0
344,2.0
345,1.0
346,9.0
347,5.0
348,5.0
349,6.0
350,9.0
351,6.0
352,5.0
353,8.0
354,6.0
355,8.0
356,9.0
357,8.0
358,4.0
359,7.0
360,3.0
361,4.0
362,2.0
363,0.0
364,8.0
365,1.0
366,5.0
367,7.0
368,5.0
369,3.0
370,0.0
371,3.0
372,5.0
373,0.0
374,4.0
375,7.0
376,4.0
377,8.0
378,1.0
379,6.0
380,3.0
381,7.0
382,3.0
383,2.0
384,7.0
385,5.0
386,6.0
387,4.0
388,1.0
389,6.0
390,3.0
391,2.0
392,7.0
393,0.0
394,4.0
395,0.0
396,6.0
397,5.0
398,8.0
399,6.0
400,3.0
401,4.0
402,6.0
403,1.0
404,2.0
405,9.0
406,0.0
407,3.0
408,0.0
409,8.0
410,3.0
411,0.0
412,0.0
413,6.0
414,4.0
415,5.0
416,1.0
417,0.0
418,0.0
419,6.0
420,3.0
421,8.0
422,3.0
423,4.0
424,1.0
425,0.0
426,4.0
427,1.0
428,6.0
429,0.0
430,8.0
431,5.0
432,6.0
433,6.0
434,3.0
435,1.0
436,9.0
437,3.0
438,3.0
439,8.0
440,8.0
441,7.0
442,8.0
443,5.0
444,8.0
445,2.0
446,0.0
447,3.0
448,1.0
449,5.0
450,4.0
451,3.0
452,4.0
453,3.0
454,3.0
455,7.0
456,9.0
457,9.0
458,0.0
459,1.0
460,4.0
461,4.0
462,4.0
463,1.0
464,5.0
465,0.0
466,7.0
467,7.0
468,7.0
469,2.0
470,9.0
471,6.0
472,1.0
473,4.0
474,4.0
475,5.0
476,1.0
477,2.0
478,3.0
479,6.0
480,4.0
481,7.0
482,0.0
483,1.0
484,3.0
485,7.0
486,7.0
487,8.0
488,5.0
489,7.0
490,5.0
491,3.0
492,4.0
493,9.0
494,0.0
495,7.0
496,9.0
497,1.0
498,7.0
499,5.0
500,3.0
501,0.0
502,8.0
503,6.0
504,2.0
505,8.0
506,8.0
507,8.0
508,3.0
509,3.0
510,5.0
511,0.0
512,4.0
513,4.0
514,8.0
515,6.0
516,8.0
517,1.0
518,0.0
519,3.0
520,6.0
521,4.0
522,0.0
523,4.0
524,7.0
525,0.0
526,9.0
527,4.0
528,7.0
529,5.0
530,1.0
531,8.0
532,7.0
533,6.0
534,7.0
535,7.0
536,1.0
537,5.0
538,1.0
539,6.0
540,8.0
541,1.0
542,3.0
543,0.0
544,7.0
545,5.0
546,0.0
547,1.0
548,4.0
549,1.0
550,8.0
551,0.0
552,0.0
553,2.0
554,4.0
555,2.0
556,7.0
557,0.0
558,2.0
559,3.0
560,4.0
561,2.0
562,1.0
563,2.0
564,4.0
565,9.0
566,1.0
567,8.0
568,5.0
569,2.0
570,5.0
571,1.0
572,2.0
573,8.0
574,4.0
575,4.0
576,6.0
577,2.0
578,0.0
579,7.0
580,2.0
581,2.0
582,8.0
583,8.0
584,1.0
585,0.0
586,5.0
587,1.0
588,9.0
589,0.0
590,5.0
591,9.0
592,8.0
593,3.0
594,1.0
595,7.0
596,3.0
597,1.0
598,8.0
599,2.0
600,3.0
601,5.0
602,0.0
603,6.0
604,7.0
605,1.0
606,2.0
607,3.0
608,2.0
609,8.0
610,1.0
611,0.0
612,2.0
613,4.0
614,8.0
615,5.0
616,7.0
617,6.0
618,1.0
619,3.0
620,3.0
621,4.0
622,1.0
623,2.0
624,0.0
625,6.0
626,6.0
627,4.0
628,0.0
629,0.0
630,7.0
631,0.0
632,4.0
633,6.0
634,6.0
635,7.0
636,6.0
637,6.0
638,1.0
639,3.0
640,8.0
641,2.0
642,0.0
643,4.0
644,3.0
645,6.0
646,2.0
647,4.0
648,4.0
649,0.0
650,5.0
651,8.0
652,3.0
653,0.0
654,9.0
655,4.0
656,5.0
657,6.0
658,1.0
659,6.0
660,5.0
661,3.0
662,6.0
663,4.0
664,4.0
665,0.0
666,5.0
667,1.0
668,5.0
669,3.0
670,2.0
671,1.0
672,1.0
673,3.0
674,7.0
675,0.0
676,0.0
677,4.0
678,0.0
679,0.0
680,4.0
681,9.0
682,3.0
683,3.0
684,8.0
685,3.0
686,8.0
687,8.0
688,8.0
689,2.0
690,2.0
691,8.0
692,9.0
693,4.0
694,7.0
695,5.0
696,5.0
697,5.0
698,2.0
699,6.0
700,8.0
701,0.0
702,3.0
703,3.0
704,3.0
705,9.0
706,6.0
707,5.0
708,9.0
709,2.0
710,8.0
711,3.0
712,6.0
713,9.0
714,3.0
715,7.0
716,1.0
717,2.0
718,6.0
719,0.0
720,5.0
721,6.0
722,8.0
723,9.0
724,6.0
725,3.0
726,8.0
727,6.0
728,0.0
729,8.0
730,9.0
731,8.0
732,3.0
733,8.0
734,7.0
735,0.0
736,5.0
737,5.0
738,3.0
739,8.0
740,7.0
741,3.0
742,3.0
743,1.0
744,4.0
745,9.0
746,4.0
747,4.0
748,8.0
749,6.0
750,5.0
751,9.0
752,4.0
753,7.0
754,3.0
755,3.0
756,3.0
757,7.0
758,7.0
759,3.0
760,7.0
761,8.0
762,1.0
763,5.0
764,9.0
765,7.0
766,7.0
767,6.0
768,8.0
769,7.0
770,3.0
771,8.0
772,8.0
773,8.0
774,1.0
775,6.0
776,5.0
777,3.0
778,6.0
779,4.0
780,7.0
781,5.0
782,4.0
783,5.0
784,2.0
785,4.0
786,6.0
787,8.0
788,2.0
789,7.0
790,5.0
791,3.0
792,5.0
793,7.0
794,1.0
795,6.0
796,3.0
797,3.0
798,5.0
799,3.0
800,9.0
801,2.0
802,5.0
803,2.0
804,5.0
805,5.0
806,3.0
807,9.0
808,6.0
809,0.0
810,7.0
811,2.0
812,1.0
813,7.0
814,2.0
815,4.0
816,3.0
817,8.0
818,2.0
819,4.0
820,2.0
821,3.0
822,7.0
823,3.0
824,6.0
825,2.0
826,4.0
827,0.0
828,5.0
829,3.0
830,9.0
831,3.0
832,0.0
833,1.0
834,3.0
835,8.0
836,6.0
837,1.0
838,1.0
839,5.0
840,2.0
841,0.0
842,0.0
843,5.0
844,3.0
845,2.0
846,0.0
847,3.0
848,7.0
849,8.0
850,2.0
851,4.0
852,6.0
853,8.0
854,0.0
855,8.0
856,3.0
857,7.0
858,7.0
859,9.0
860,1.0
861,4.0
862,8.0
863,1.0
864,4.0
865,0.0
866,8.0
867,9.0
868,1.0
869,3.0
870,9.0
871,6.0
872,4.0
873,4.0
874,8.0
875,6.0
876,1.0
877,0.0
878,1.0
879,9.0
880,9.0
881,3.0
882,1.0
883,6.0
884,4.0
885,4.0
886,2.0
887,2.0
888,2.0
889,9.0
890,3.0
891,3.0
892,9.0
893,6.0
894,8.0
895,4.0
896,5.0
897,4.0
898,2.0
899,9.0
900,8.0
901,1.0
902,4.0
903,5.0
904,6.0
905,8.0
906,4.0
907,7.0
908,1.0
909,4.0
910,9.0
911,2.0
912,2.0
913,9.0
914,6.0
915,8.0
916,6.0
917,3.0
918,2.0
919,3.0
920,6.0
921,9.0
922,1.0
923,8.0
924,6.0
925,9.0
926,7.0
927,9.0
928,9.0
929,9.0
930,9.0
931,5.0
932,4.0
933,5.0
934,5.0
935,0.0
936,9.0
937,5.0
938,7.0
939,7.0
940,0.0
941,0.0
942,0.0
943,2.0
944,8.0
945,4.0
946,7.0
947,8.0
948,0.0
949,8.0
950,2.0
951,0.0
952,6.0
953,3.0
954,0.0
955,6.0
956,4.0
957,9.0
958,5.0
959,0.0
960,1.0
961,0.0
962,2.0
963,2.0
964,1.0
965,6.0
966,7.0
967,0.0
968,0.0
969,4.0
970,6.0
971,2.0
972,2.0
973,2.0
974,3.0
975,8.0
976,9.0
977,8.0
978,7.0
979,1.0
980,3.0
981,0.0
982,8.0
983,0.0
984,8.0
985,2.0
986,7.0
987,9.0
988,8.0
989,1.0
990,0.0
991,8.0
992,5.0
993,5.0
994,5.0
995,8.0
996,0.0
997,5.0
998,9.0
999,9.0
1000,2.0
1001,4.0
1002,9.0
1003,8.0
1004,8.0
1005,2.0
1006,1.0
1007,2.0
1008,2.0
1009,1.0
1010,5.0
1011,7.0
1012,8.0
1013,3.0
1014,1.0
1015,8.0
1016,0.0
1017,2.0
1018,4.0
1019,1.0
1020,3.0
1021,4.0
1022,8.0
1023,6.0
1024,7.0
1025,5.0
1026,7.0
1027,9.0
1028,5.0
1029,0.0
1030,2.0
1031,8.0
1032,7.0
1033,7.0
1034,9.0
1035,2.0
1036,2.0
1037,5.0
1038,1.0
1039,6.0
1040,4.0
1041,8.0
1042,0.0
1043,2.0
1044,6.0
1045,6.0
1046,6.0
1047,1.0
1048,1.0
1049,9.0
1050,9.0
1051,3.0
1052,7.0
1053,4.0
1054,1.0
1055,1.0
1056,9.0
1057,4.0
1058,2.0
1059,6.0
1060,0.0
1061,1.0
1062,4.0
1063,1.0
1064,3.0
1065,7.0
1066,1.0
1067,1.0
1068,0.0
1069,4.0
1070,2.0
1071,7.0
1072,1.0
1073,7.0
1074,5.0
1075,8.0
1076,1.0
1077,0.0
1078,3.0
1079,2.0
1080,8.0
1081,0.0
1082,0.0
1083,6.0
1084,4.0
1085,6.0
1086,6.0
1087,2.0
1088,9.0
1089,7.0
1090,0.0
1091,7.0
1092,0.0
1093,7.0
1094,3.0
1095,0.0
1096,9.0
1097,4.0
1098,1.0
1099,5.0
1100,2.0
1101,6.0
1102,7.0
1103,1.0
1104,1.0
1105,4.0
1106,6.0
1107,0.0
1108,6.0
1109,4.0
1110,4.0
1111,7.0
1112,1.0
1113,9.0
1114,6.0
1115,5.0
1116,3.0
1117,6.0
1118,3.0
1119,9.0
1120,3.0
1121,8.0
1122,7.0
1123,5.0
1124,2.0
1125,2.0
1126,8.0
1127,9.0
1128,1.0
1129,4.0
1130,8.0
1131,3.0
1132,1.0
1133,9.0
1134,5.0
1135,8.0
1136,4.0
1137,8.0
1138,9.0
1139,8.0
1140,6.0
1141,9.0
1142,1.0
1143,3.0
1144,9.0
1145,9.0
1146,4.0
1147,0.0
1148,8.0
1149,0.0
1150,6.0
1151,3.0
1152,2.0
1153,7.0
1154,1.0
1155,7.0
1156,3.0
1157,2.0
1158,2.0
1159,9.0
1160,8.0
1161,5.0
1162,7.0
1163,3.0
1164,4.0
1165,5.0
1166,4.0
1167,4.0
1168,6.0
1169,6.0
1170,1.0
1171,3.0
1172,4.0
1173,7.0
1174,6.0
1175,2.0
1176,6.0
1177,2.0
1178,7.0
1179,2.0
1180,8.0
1181,5.0
1182,8.0
1183,7.0
1184,4.0
1185,6.0
1186,1.0
1187,1.0
1188,3.0
1189,7.0
1190,0.0
1191,4.0
1192,1.0
1193,6.0
1194,4.0
1195,3.0
1196,4.0
1197,7.0
1198,1.0
1199,8.0
1200,5.0
1201,6.0
1202,4.0
1203,4.0
1204,9.0
1205,0.0
1206,5.0
1207,5.0
1208,4.0
1209,4.0
1210,1.0
1211,0.0
1212,2.0
1213,7.0
1214,9.0
1215,4.0
1216,9.0
1217,7.0
1218,7.0
1219,9.0
1220,8.0
1221,4.0
1222,2.0
1223,3.0
1224,1.0
1225,0.0
1226,7.0
1227,6.0
1228,9.0
1229,1.0
1230,9.0
1231,2.0
1232,8.0
1233,2.0
1234,9.0
1235,8.0
1236,3.0
1237,1.0
1238,4.0
1239,9.0
1240,6.0
1241,6.0
1242,5.0
1243,6.0
1244,6.0
1245,4.0
1246,0.0
1247,2.0
1248,4.0
1249,9.0
1250,9.0
1251,5.0
1252,0.0
1253,9.0
1254,1.0
1255,1.0
1256,6.0
1257,0.0
1258,2.0
1259,8.0
1260,2.0
1261,2.0
1262,7.0
1263,2.0
1264,2.0
1265,2.0
1266,9.0
1267,5.0
1268,6.0
1269,9.0
1270,8.0
1271,2.0
1272,8.0
1273,7.0
1274,7.0
1275,8.0
1276,6.0
1277,8.0
1278,1.0
1279,1.0
1280,6.0
1281,1.0
1282,2.0
1283,7.0
1284,6.0
1285,3.0
1286,0.0
1287,0.0
1288,9.0
1289,1.0
1290,5.0
1291,9.0
1292,3.0
1293,7.0
1294,2.0
1295,7.0
1296,1.0
1297,2.0
1298,3.0
1299,1.0
1300,1.0
1301,9.0
1302,8.0
1303,5.0
1304,7.0
1305,6.0
1306,3.0
1307,1.0
1308,4.0
1309,1.0
1310,5.0
1311,8.0
1312,2.0
1313,7.0
1314,8.0
1315,8.0
1316,4.0
1317,4.0
1318,4.0
1319,4.0
1320,9.0
1321,2.0
1322,6.0
1323,7.0
1324,0.0
1325,6.0
1326,0.0
1327,1.0
1328,1.0
1329,5.0
1330,8.0
1331,7.0
1332,5.0
1333,5.0
1334,2.0
1335,5.0
1336,0.0
1337,8.0
1338,6.0
1339,5.0
1340,4.0
1341,9.0
1342,1.0
1343,2.0
1344,7.0
1345,7.0
1346,6.0
1347,3.0
1348,8.0
1349,2.0
1350,6.0
1351,6.0
1352,1.0
1353,4.0
1354,9.0
1355,9.0
1356,4.0
1357,4.0
1358,6.0
1359,6.0
1360,1.0
1361,4.0
1362,4.0
1363,1.0
1364,7.0
1365,6.0
1366,1.0
1367,6.0
1368,4.0
1369,0.0
1370,0.0
1371,5.0
1372,1.0
1373,0.0
1374,9.0
1375,6.0
1376,6.0
1377,9.0
1378,3.0
1379,8.0
1380,2.0
1381,9.0
1382,4.0
1383,3.0
1384,9.0
1385,7.0
1386,9.0
1387,1.0
1388,0.0
1389,0.0
1390,7.0
1391,4.0
1392,8.0
1393,2.0
1394,2.0
1395,9.0
1396,7.0
1397,2.0
1398,1.0
1399,5.0
1400,8.0
1401,0.0
1402,4.0
1403,7.0
1404,1.0
1405,6.0
1406,2.0
1407,2.0
1408,9.0
1409,1.0
1410,2.0
1411,7.0
1412,5.0
1413,2.0
1414,3.0
1415,9.0
1416,3.0
1417,4.0
1418,6.0
1419,9.0
1420,8.0
1421,9.0
1422,5.0
1423,0.0
1424,6.0
1425,0.0
1426,4.0
1427,4.0
1428,7.0
1429,3.0
1430,1.0
1431,0.0
1432,8.0
1433,9.0
1434,3.0
1435,8.0
1436,3.0
1437,4.0
1438,9.0
1439,0.0
1440,9.0
1441,1.0
1442,9.0
1443,8.0
1444,5.0
1445,9.0
1446,2.0
1447,9.0
1448,4.0
1449,4.0
1450,7.0
1451,3.0
1452,5.0
1453,6.0
1454,9.0
1455,9.0
1456,1.0
1457,2.0
1458,1.0
1459,1.0
1460,9.0
1461,5.0
1462,5.0
1463,8.0
1464,7.0
1465,0.0
1466,6.0
1467,3.0
1468,6.0
1469,4.0
1470,2.0
1471,5.0
1472,2.0
1473,6.0
1474,2.0
1475,9.0
1476,5.0
1477,8.0
1478,9.0
1479,1.0
1480,7.0
1481,2.0
1482,0.0
1483,2.0
1484,3.0
1485,4.0
1486,9.0
1487,3.0
1488,9.0
1489,3.0
1490,9.0
1491,0.0
1492,4.0
1493,7.0
1494,2.0
1495,4.0
1496,8.0
1497,1.0
1498,3.0
1499,1.0
1500,0.0
1501,4.0
1502,6.0
1503,2.0
1504,9.0
1505,3.0
1506,5.0
1507,8.0
1508,1.0
1509,8.0
1510,2.0
1511,2.0
1512,7.0
1513,1.0
1514,4.0
1515,3.0
1516,6.0
1517,3.0
1518,0.0
1519,7.0
1520,0.0
1521,1.0
1522,5.0
1523,1.0
1524,9.0
1525,1.0
1526,4.0
1527,4.0
1528,8.0
1529,5.0
1530,1.0
1531,9.0
1532,3.0
1533,3.0
1534,0.0
1535,9.0
1536,6.0
1537,5.0
1538,8.0
1539,9.0
1540,2.0
1541,6.0
1542,3.0
1543,2.0
1544,0.0
1545,2.0
1546,6.0
1547,7.0
1548,7.0
1549,3.0
1550,7.0
1551,6.0
1552,4.0
1553,1.0
1554,2.0
1555,4.0
1556,6.0
1557,7.0
1558,0.0
1559,3.0
1560,9.0
1561,1.0
1562,6.0
1563,4.0
1564,3.0
1565,6.0
1566,3.0
1567,4.0
1568,1.0
1569,7.0
1570,7.0
1571,2.0
1572,9.0
1573,5.0
1574,2.0
1575,4.0
1576,7.0
1577,2.0
1578,0.0
1579,2.0
1580,1.0
1581,3.0
1582,7.0
1583,7.0
1584,4.0
1585,9.0
1586,4.0
1587,9.0
1588,2.0
1589,9.0
1590,4.0
1591,7.0
1592,1.0
1593,8.0
1594,6.0
1595,8.0
1596,8.0
1597,2.0
1598,1.0
1599,5.0
1600,6.0
1601,4.0
1602,1.0
1603,2.0
1604,8.0
1605,3.0
1606,7.0
1607,7.0
1608,9.0
1609,1.0
1610,2.0
1611,3.0
1612,4.0
1613,5.0
1614,2.0
1615,1.0
1616,6.0
1617,2.0
1618,0.0
1619,9.0
1620,5.0
1621,1.0
1622,7.0
1623,9.0
1624,4.0
1625,3.0
1626,1.0
1627,2.0
1628,2.0
1629,7.0
1630,7.0
1631,9.0
1632,8.0
1633,3.0
1634,9.0
1635,8.0
1636,2.0
1637,1.0
1638,7.0
1639,6.0
1640,8.0
1641,3.0
1642,8.0
1643,4.0
1644,7.0
1645,1.0
1646,7.0
1647,6.0
1648,3.0
1649,6.0
1650,7.0
1651,7.0
1652,5.0
1653,8.0
1654,3.0
1655,4.0
1656,7.0
1657,4.0
1658,4.0
1659,7.0
1660,5.0
1661,0.0
1662,2.0
1663,9.0
1664,8.0
1665,7.0
1666,9.0
1667,2.0
1668,2.0
1669,0.0
1670,4.0
1671,2.0
1672,8.0
1673,7.0
1674,2.0
1675,5.0
1676,5.0
1677,1.0
1678,1.0
1679,3.0
1680,9.0
1681,9.0
1682,7.0
1683,7.0
1684,1.0
1685,6.0
1686,6.0
1687,1.0
1688,1.0
1689,5.0
1690,7.0
1691,5.0
1692,9.0
1693,2.0
1694,2.0
1695,1.0
1696,5.0
1697,5.0
1698,9.0
1699,0.0
1700,3.0
1701,9.0
1702,3.0
1703,3.0
1704,3.0
1705,2.0
1706,7.0
1707,4.0
1708,0.0
1709,2.0
1710,8.0
1711,9.0
1712,5.0
1713,8.0
1714,0.0
1715,1.0
1716,2.0
1717,7.0
1718,8.0
1719,0.0
1720,3.0
1721,9.0
1722,7.0
1723,4.0
1724,7.0
1725,9.0
1726,0.0
1727,8.0
1728,3.0
1729,2.0
1730,6.0
1731,1.0
1732,3.0
1733,3.0
1734,6.0
1735,0.0
1736,4.0
1737,7.0
1738,1.0
1739,4.0
1740,7.0
1741,8.0
1742,9.0
1743,7.0
1744,0.0
1745,0.0
1746,4.0
1747,9.0
1748,7.0
1749,0.0
1750,0.0
1751,0.0
1752,1.0
1753,5.0
1754,6.0
1755,4.0
1756,3.0
1757,6.0
1758,3.0
1759,6.0
1760,3.0
1761,7.0
1762,1.0
1763,9.0
1764,6.0
1765,9.0
1766,2.0
1767,8.0
1768,5.0
1769,8.0
1770,0.0
1771,7.0
1772,9.0
1773,0.0
1774,5.0
1775,5.0
1776,1.0
1777,7.0
1778,2.0
1779,8.0
1780,6.0
1781,5.0
1782,5.0
1783,7.0
1784,5.0
1785,9.0
1786,1.0
1787,3.0
1788,7.0
1789,2.0
1790,3.0
1791,1.0
1792,4.0
1793,0.0
1794,7.0
1795,5.0
1796,6.0
1797,9.0
1798,4.0
1799,8.0
1800,4.0
1801,4.0
1802,2.0
1803,2.0
1804,2.0
1805,4.0
1806,9.0
1807,9.0
1808,2.0
1809,7.0
1810,1.0
1811,3.0
1812,1.0
1813,0.0
1814,2.0
1815,7.0
1816,2.0
1817,7.0
1818,1.0
1819,4.0
1820,1.0
1821,9.0
1822,6.0
1823,8.0
1824,6.0
1825,8.0
1826,9.0
1827,6.0
1828,5.0
1829,6.0
1830,6.0
1831,7.0
1832,3.0
1833,0.0
1834,8.0
1835,5.0
1836,4.0
1837,7.0
1838,1.0
1839,4.0
1840,1.0
1841,5.0
1842,6.0
1843,5.0
1844,1.0
1845,3.0
1846,4.0
1847,5.0
1848,3.0
1849,6.0
1850,5.0
1851,7.0
1852,5.0
1853,1.0
1854,3.0
1855,1.0
1856,2.0
1857,1.0
1858,7.0
1859,6.0
1860,0.0
1861,4.0
1862,0.0
1863,9.0
1864,3.0
1865,6.0
1866,9.0
1867,8.0
1868,7.0
1869,0.0
1870,8.0
1871,2.0
1872,9.0
1873,6.0
1874,0.0
1875,4.0
1876,4.0
1877,4.0
1878,0.0
1879,7.0
1880,1.0
1881,4.0
1882,2.0
1883,0.0
1884,7.0
1885,5.0
1886,2.0
1887,2.0
1888,0.0
1889,7.0
1890,2.0
1891,8.0
1892,0.0
1893,9.0
1894,5.0
1895,6.0
1896,9.0
1897,5.0
1898,6.0
1899,9.0
1900,8.0
1901,9.0
1902,1.0
1903,3.0
1904,9.0
1905,3.0
1906,6.0
1907,0.0
1908,7.0
1909,8.0
1910,7.0
1911,3.0
1912,2.0
1913,1.0
1914,6.0
1915,3.0
1916,5.0
1917,0.0
1918,7.0
1919,6.0
1920,6.0
1921,7.0
1922,8.0
1923,1.0
1924,3.0
1925,4.0
1926,3.0
1927,5.0
1928,5.0
1929,1.0
1930,6.0
1931,4.0
1932,1.0
1933,4.0
1934,1.0
1935,1.0
1936,1.0
1937,5.0
1938,8.0
1939,6.0
1940,1.0
1941,3.0
1942,1.0
1943,0.0
1944,6.0
1945,1.0
1946,1.0
1947,0.0
1948,5.0
1949,2.0
1950,3.0
1951,7.0
1952,3.0
1953,5.0
1954,6.0
1955,1.0
1956,6.0
1957,3.0
1958,3.0
1959,8.0
1960,4.0
1961,5.0
1962,8.0
1963,8.0
1964,5.0
1965,7.0
1966,5.0
1967,2.0
1968,8.0
1969,8.0
1970,0.0
1971,7.0
1972,3.0
1973,9.0
1974,6.0
1975,1.0
1976,8.0
1977,6.0
1978,0.0
1979,3.0
1980,1.0
1981,4.0
1982,9.0
1983,1.0
1984,1.0
1985,0.0
1986,0.0
1987,7.0
1988,3.0
1989,1.0
1990,3.0
1991,1.0
1992,5.0
1993,3.0
1994,6.0
1995,0.0
1996,7.0
1997,3.0
1998,6.0
1999,6.0
2000,2.0
2001,7.0
2002,7.0
2003,4.0
2004,0.0
2005,8.0
2006,5.0
2007,9.0
2008,3.0
2009,3.0
2010,3.0
2011,2.0
2012,5.0
2013,5.0
2014,4.0
2015,1.0
2016,4.0
2017,6.0
2018,4.0
2019,2.0
2020,6.0
2021,1.0
2022,9.0
2023,6.0
2024,0.0
2025,1.0
2026,7.0
2027,5.0
2028,4.0
2029,3.0
2030,1.0
2031,4.0
2032,2.0
2033,2.0
2034,6.0
2035,3.0
2036,1.0
2037,0.0
2038,2.0
2039,4.0
2040,2.0
2041,5.0
2042,8.0
2043,2.0
2044,3.0
2045,3.0
2046,7.0
2047,7.0
2048,0.0
2049,2.0
2050,8.0
2051,8.0
2052,7.0
2053,8.0
2054,7.0
2055,5.0
2056,3.0
2057,7.0
2058,4.0
2059,8.0
2060,1.0
2061,7.0
2062,4.0
2063,4.0
2064,6.0
2065,0.0
2066,6.0
2067,5.0
2068,7.0
2069,3.0
2070,2.0
2071,1.0
2072,9.0
2073,5.0
2074,5.0
2075,2.0
2076,8.0
2077,7.0
2078,6.0
2079,0.0
2080,9.0
2081,6.0
2082,6.0
2083,4.0
2084,5.0
2085,2.0
2086,9.0
2087,5.0
2088,4.0
2089,8.0
2090,1.0
2091,2.0
2092,2.0
2093,5.0
2094,3.0
2095,0.0
2096,5.0
2097,5.0
2098,7.0
2099,8.0
2100,5.0
2101,0.0
2102,9.0
2103,2.0
2104,7.0
2105,0.0
2106,8.0
2107,4.0
2108,0.0
2109,9.0
2110,0.0
2111,7.0
2112,9.0
2113,5.0
2114,8.0
2115,6.0
2116,8.0
2117,3.0
2118,7.0
2119,6.0
2120,1.0
2121,6.0
2122,1.0
2123,2.0
2124,2.0
2125,9.0
2126,7.0
2127,8.0
2128,6.0
2129,2.0
2130,8.0
2131,6.0
2132,9.0
2133,1.0
2134,7.0
2135,4.0
2136,8.0
2137,2.0
2138,1.0
2139,6.0
2140,7.0
2141,7.0
2142,2.0
2143,0.0
2144,7.0
2145,0.0
2146,2.0
2147,1.0
2148,1.0
2149,8.0
2150,5.0
2151,2.0
2152,7.0
2153,6.0
2154,5.0
2155,4.0
2156,1.0
2157,6.0
2158,6.0
2159,3.0
2160,7.0
2161,3.0
2162,5.0
2163,0.0
2164,7.0
2165,0.0
2166,4.0
2167,3.0
2168,5.0
2169,6.0
2170,0.0
2171,1.0
2172,4.0
2173,7.0
2174,7.0
2175,7.0
2176,9.0
2177,6.0
2178,7.0
2179,4.0
2180,3.0
2181,5.0
2182,9.0
2183,4.0
2184,1.0
2185,8.0
2186,3.0
2187,5.0
2188,4.0
2189,7.0
2190,3.0
2191,1.0
2192,3.0
2193,7.0
2194,1.0
2195,9.0
2196,1.0
2197,1.0
2198,5.0
2199,3.0
2200,4.0
2201,1.0
2202,6.0
2203,4.0
2204,0.0
2205,2.0
2206,7.0
2207,3.0
2208,3.0
2209,1.0
2210,8.0
2211,4.0
2212,7.0
2213,5.0
2214,3.0
2215,5.0
2216,7.0
2217,2.0
2218,5.0
2219,0.0
2220,4.0
2221,0.0
2222,7.0
2223,1.0
2224,7.0
2225,8.0
2226,0.0
2227,3.0
2228,7.0
2229,0.0
2230,6.0
2231,0.0
2232,0.0
2233,6.0
2234,7.0
2235,7.0
2236,5.0
2237,8.0
2238,3.0
2239,8.0
2240,7.0
2241,8.0
2242,2.0
2243,7.0
2244,1.0
2245,1.0
2246,7.0
2247,0.0
2248,8.0
2249,1.0
2250,9.0
2251,7.0
2252,3.0
2253,7.0
2254,9.0
2255,2.0
2256,3.0
2257,2.0
2258,8.0
2259,7.0
2260,0.0
2261,9.0
2262,7.0
2263,8.0
2264,5.0
2265,3.0
2266,6.0
2267,0.0
2268,6.0
2269,2.0
2270,6.0
2271,6.0
2272,2.0
2273,5.0
2274,1.0
2275,7.0
2276,1.0
2277,7.0
2278,0.0
2279,8.0
2280,3.0
2281,3.0
2282,9.0
2283,7.0
2284,4.0
2285,9.0
2286,9.0
2287,3.0
2288,3.0
2289,1.0
2290,7.0
2291,6.0
2292,5.0
2293,7.0
2294,7.0
2295,0.0
2296,8.0
2297,2.0
2298,2.0
2299,1.0
2300,6.0
2301,1.0
2302,2.0
2303,2.0
2304,5.0
2305,8.0
2306,5.0
2307,4.0
2308,4.0
2309,4.0
2310,2.0
2311,4.0
2312,0.0
2313,7.0
2314,2.0
2315,0.0
2316,8.0
2317,5.0
2318,3.0
2319,0.0
2320,8.0
2321,2.0
2322,9.0
2323,5.0
2324,4.0
2325,7.0
2326,9.0
2327,3.0
2328,7.0
2329,1.0
2330,6.0
2331,2.0
2332,1.0
2333,1.0
2334,5.0
2335,9.0
2336,1.0
2337,8.0
2338,1.0
2339,0.0
2340,1.0
2341,9.0
2342,1.0
2343,2.0
2344,8.0
2345,4.0
2346,6.0
2347,7.0
2348,0.0
2349,5.0
2350,2.0
2351,0.0
2352,4.0
2353,6.0
2354,1.0
2355,2.0
2356,9.0
2357,7.0
2358,7.0
2359,7.0
2360,2.0
2361,3.0
2362,5.0
2363,0.0
2364,4.0
2365,4.0
2366,2.0
2367,4.0
2368,9.0
2369,4.0
2370,8.0
2371,0.0
2372,4.0
2373,2.0
2374,4.0
2375,7.0
2376,8.0
2377,9.0
2378,5.0
2379,2.0
2380,7.0
2381,3.0
2382,8.0
2383,0.0
2384,4.0
2385,6.0
2386,8.0
2387,2.0
2388,9.0
2389,0.0
2390,9.0
2391,9.0
2392,0.0
2393,9.0
2394,7.0
2395,2.0
2396,2.0
2397,5.0
2398,7.0
2399,7.0
2400,8.0
2401,5.0
2402,6.0
2403,0.0
2404,0.0
2405,4.0
2406,3.0
2407,4.0
2408,3.0
2409,8.0
2410,2.0
2411,8.0
2412,6.0
2413,6.0
2414,0.0
2415,8.0
2416,0.0
2417,0.0
2418,0.0
2419,5.0
2420,8.0
2421,9.0
2422,9.0
2423,7.0
2424,8.0
2425,3.0
2426,2.0
2427,8.0
2428,1.0
2429,5.0
2430,6.0
2431,1.0
2432,1.0
2433,0.0
2434,5.0
2435,6.0
2436,4.0
2437,6.0
2438,1.0
2439,2.0
2440,3.0
2441,2.0
2442,4.0
2443,3.0
2444,7.0
2445,1.0
2446,8.0
2447,3.0
2448,0.0
2449,7.0
2450,7.0
2451,6.0
2452,8.0
2453,7.0
2454,7.0
2455,9.0
2456,0.0
2457,9.0
2458,5.0
2459,4.0
2460,8.0
2461,2.0
2462,9.0
2463,1.0
2464,5.0
2465,8.0
2466,9.0
2467,9.0
2468,0.0
2469,0.0
2470,0.0
2471,5.0
2472,2.0
2473,0.0
2474,9.0
2475,2.0
2476,5.0
2477,8.0
2478,7.0
2479,4.0
2480,9.0
2481,0.0
2482,1.0
2483,1.0
2484,9.0
2485,2.0
2486,1.0
2487,5.0
2488,2.0
2489,2.0
2490,6.0
2491,7.0
2492,2.0
2493,5.0
2494,6.0
2495,2.0
2496,8.0
2497,8.0
2498,5.0
2499,4.0
2500,4.0
2501,6.0
2502,1.0
2503,4.0
2504,0.0
2505,5.0
2506,2.0
2507,6.0
2508,0.0
2509,5.0
2510,9.0
2511,0.0
2512,4.0
2513,0.0
2514,1.0
2515,4.0
2516,1.0
2517,4.0
2518,4.0
2519,1.0
2520,3.0
2521,8.0
2522,2.0
2523,3.0
2524,2.0
2525,5.0
2526,6.0
2527,4.0
2528,8.0
2529,2.0
2530,9.0
2531,5.0
2532,1.0
2533,9.0
2534,2.0
2535,6.0
2536,6.0
2537,2.0
2538,3.0
2539,0.0
2540,3.0
2541,8.0
2542,4.0
2543,9.0
2544,8.0
2545,2.0
2546,1.0
2547,3.0
2548,4.0
2549,9.0
2550,4.0
2551,5.0
2552,7.0
2553,9.0
2554,2.0
2555,9.0
2556,5.0
2557,6.0
2558,6.0
2559,0.0
2560,6.0
2561,5.0
2562,4.0
2563,5.0
2564,7.0
2565,3.0
2566,9.0
2567,6.0
2568,9.0
2569,9.0
2570,9.0
2571,2.0
2572,8.0
2573,4.0
2574,8.0
2575,3.0
2576,2.0
2577,5.0
2578,4.0
2579,3.0
2580,3.0
2581,1.0
2582,7.0
2583,5.0
2584,2.0
2585,1.0
2586,1.0
2587,7.0
2588,4.0
2589,0.0
2590,3.0
2591,8.0
2592,4.0
2593,4.0
2594,0.0
2595,2.0
2596,7.0
2597,0.0
2598,1.0
2599,3.0
2600,0.0
2601,9.0
2602,2.0
2603,2.0
2604,0.0
2605,6.0
2606,8.0
2607,6.0
2608,7.0
2609,8.0
2610,7.0
2611,2.0
2612,2.0
2613,7.0
2614,6.0
2615,1.0
2616,8.0
2617,4.0
2618,7.0
2619,0.0
2620,5.0
2621,7.0
2622,6.0
2623,3.0
2624,9.0
2625,4.0
2626,9.0
2627,8.0
2628,0.0
2629,5.0
2630,9.0
2631,1.0
2632,6.0
2633,9.0
2634,4.0
2635,4.0
2636,8.0
2637,0.0
2638,1.0
2639,8.0
2640,0.0
2641,4.0
2642,5.0
2643,8.0
2644,6.0
2645,6.0
2646,1.0
2647,9.0
2648,6.0
2649,5.0
2650,7.0
2651,5.0
2652,5.0
2653,7.0
2654,8.0
2655,9.0
2656,0.0
2657,5.0
2658,5.0
2659,2.0
2660,7.0
2661,0.0
2662,0.0
2663,1.0
2664,2.0
2665,1.0
2666,6.0
2667,4.0
2668,9.0
2669,8.0
2670,9.0
2671,5.0
2672,7.0
2673,4.0
2674,7.0
2675,4.0
2676,2.0
2677,4.0
2678,6.0
2679,1.0
2680,4.0
2681,7.0
2682,6.0
2683,3.0
2684,0.0
2685,7.0
2686,9.0
2687,0.0
2688,6.0
2689,5.0
2690,5.0
2691,4.0
2692,4.0
2693,4.0
2694,9.0
2695,7.0
2696,0.0
2697,6.0
2698,6.0
2699,3.0
2700,1.0
2701,5.0
2702,7.0
2703,4.0
2704,6.0
2705,6.0
2706,0.0
2707,8.0
2708,7.0
2709,6.0
2710,7.0
2711,0.0
2712,0.0
2713,7.0
2714,9.0
2715,4.0
2716,3.0
2717,5.0
2718,4.0
2719,3.0
2720,8.0
2721,6.0
2722,6.0
2723,8.0
2724,4.0
2725,1.0
2726,3.0
2727,1.0
2728,5.0
2729,7.0
2730,4.0
2731,9.0
2732,8.0
2733,6.0
2734,9.0
2735,3.0
2736,0.0
2737,4.0
2738,0.0
2739,9.0
2740,6.0
2741,3.0
2742,1.0
2743,0.0
2744,3.0
2745,7.0
2746,4.0
2747,3.0
2748,0.0
2749,3.0
2750,3.0
2751,1.0
2752,3.0
2753,2.0
2754,8.0
2755,3.0
2756,8.0
2757,1.0
2758,7.0
2759,3.0
2760,2.0
2761,9.0
2762,5.0
2763,7.0
2764,1.0
2765,3.0
2766,2.0
2767,3.0
2768,4.0
2769,1.0
2770,7.0
2771,9.0
2772,5.0
2773,1.0
2774,6.0
2775,5.0
2776,2.0
2777,6.0
2778,0.0
2779,1.0
2780,2.0
2781,4.0
2782,5.0
2783,4.0
2784,6.0
2785,9.0
2786,0.0
2787,1.0
2788,4.0
2789,7.0
2790,6.0
2791,5.0
2792,6.0
2793,3.0
2794,9.0
2795,5.0
2796,3.0
2797,9.0
2798,0.0
2799,3.0
2800,1.0
2801,9.0
2802,3.0
2803,2.0
2804,8.0
2805,1.0
2806,5.0
2807,4.0
2808,7.0
2809,7.0
2810,8.0
2811,1.0
2812,0.0
2813,9.0
2814,9.0
2815,4.0
2816,3.0
2817,5.0
2818,9.0
2819,0.0
2820,0.0
2821,6.0
2822,4.0
2823,9.0
2824,5.0
2825,6.0
2826,3.0
2827,5.0
2828,4.0
2829,1.0
2830,4.0
2831,3.0
2832,7.0
2833,6.0
2834,0.0
2835,5.0
2836,0.0
2837,4.0
2838,6.0
2839,0.0
2840,6.0
2841,0.0
2842,8.0
2843,2.0
2844,6.0
2845,4.0
2846,4.0
2847,9.0
2848,7.0
2849,1.0
2850,1.0
2851,4.0
2852,2.0
2853,3.0
2854,1.0
2855,9.0
2856,3.0
2857,0.0
2858,5.0
2859,9.0
2860,4.0
2861,4.0
2862,4.0
2863,1.0
2864,5.0
2865,5.0
2866,9.0
2867,1.0
2868,6.0
2869,4.0
2870,6.0
2871,7.0
2872,9.0
2873,7.0
2874,3.0
2875,1.0
2876,8.0
2877,9.0
2878,1.0
2879,8.0
2880,5.0
2881,3.0
2882,2.0
2883,3.0
2884,5.0
2885,7.0
2886,6.0
2887,5.0
2888,7.0
2889,0.0
2890,1.0
2891,4.0
2892,7.0
2893,0.0
2894,1.0
2895,6.0
2896,0.0
2897,0.0
2898,1.0
2899,2.0
2900,5.0
2901,7.0
2902,6.0
2903,4.0
2904,7.0
2905,9.0
2906,5.0
2907,0.0
2908,0.0
2909,9.0
2910,1.0
2911,3.0
2912,1.0
2913,9.0
2914,9.0
2915,2.0
2916,4.0
2917,2.0
2918,2.0
2919,6.0
2920,3.0
2921,3.0
2922,7.0
2923,2.0
2924,6.0
2925,6.0
2926,9.0
2927,7.0
2928,4.0
2929,8.0
2930,8.0
2931,6.0
2932,1.0
2933,3.0
2934,4.0
2935,1.0
2936,5.0
2937,4.0
2938,8.0
2939,0.0
2940,0.0
2941,9.0
2942,0.0
2943,9.0
2944,4.0
2945,3.0
2946,6.0
2947,7.0
2948,6.0
2949,0.0
2950,0.0
2951,7.0
2952,5.0
2953,7.0
2954,8.0
2955,6.0
2956,3.0
2957,9.0
2958,9.0
2959,4.0
2960,1.0
2961,5.0
2962,2.0
2963,6.0
2964,6.0
2965,8.0
2966,6.0
2967,8.0
2968,6.0
2969,3.0
2970,8.0
2971,6.0
2972,3.0
2973,3.0
2974,8.0
2975,2.0
2976,6.0
2977,8.0
2978,4.0
2979,0.0
2980,8.0
2981,2.0
2982,9.0
2983,1.0
2984,9.0
2985,2.0
2986,0.0
2987,0.0
2988,9.0
2989,8.0
2990,4.0
2991,2.0
2992,1.0
2993,0.0
2994,2.0
2995,6.0
2996,9.0
2997,8.0
2998,1.0
2999,1.0
3000,3.0
3001,4.0
3002,5.0
3003,6.0
3004,8.0
3005,6.0
3006,1.0
3007,8.0
3008,4.0
3009,7.0
3010,7.0
3011,3.0
3012,8.0
3013,5.0
3014,8.0
3015,2.0
3016,2.0
3017,5.0
3018,4.0
3019,5.0
3020,0.0
3021,8.0
3022,9.0
3023,3.0
3024,2.0
3025,7.0
3026,4.0
3027,1.0
3028,5.0
3029,4.0
3030,0.0
3031,3.0
3032,0.0
3033,3.0
3034,1.0
3035,6.0
3036,2.0
3037,6.0
3038,1.0
3039,3.0
3040,0.0
3041,3.0
3042,1.0
3043,1.0
3044,9.0
3045,7.0
3046,9.0
3047,6.0
3048,9.0
3049,2.0
3050,1.0
3051,2.0
3052,5.0
3053,7.0
3054,7.0
3055,1.0
3056,3.0
3057,7.0
3058,0.0
3059,0.0
3060,0.0
3061,2.0
3062,1.0
3063,9.0
3064,0.0
3065,6.0
3066,2.0
3067,3.0
3068,2.0
3069,3.0
3070,0.0
3071,9.0
3072,8.0
3073,5.0
3074,7.0
3075,7.0
3076,5.0
3077,7.0
3078,6.0
3079,8.0
3080,0.0
3081,2.0
3082,7.0
3083,0.0
3084,5.0
3085,7.0
3086,7.0
3087,1.0
3088,1.0
3089,6.0
3090,7.0
3091,7.0
3092,8.0
3093,1.0
3094,7.0
3095,1.0
3096,8.0
3097,7.0
3098,0.0
3099,2.0
3100,1.0
3101,6.0
3102,8.0
3103,4.0
3104,6.0
3105,7.0
3106,7.0
3107,7.0
3108,7.0
3109,8.0
3110,0.0
3111,0.0
3112,1.0
3113,6.0
3114,6.0
3115,5.0
3116,8.0
3117,5.0
3118,1.0
3119,1.0
3120,0.0
3121,0.0
3122,1.0
3123,5.0
3124,4.0
3125,3.0
3126,0.0
3127,7.0
3128,1.0
3129,6.0
3130,9.0
3131,3.0
3132,8.0
3133,0.0
3134,2.0
3135,1.0
3136,0.0
3137,6.0
3138,5.0
3139,2.0
3140,3.0
3141,4.0
3142,6.0
3143,5.0
3144,1.0
3145,5.0
3146,7.0
3147,8.0
3148,0.0
3149,0.0
3150,4.0
3151,0.0
3152,5.0
3153,4.0
3154,1.0
3155,7.0
3156,8.0
3157,7.0
3158,6.0
3159,8.0
3160,6.0
3161,6.0
3162,7.0
3163,1.0
3164,8.0
3165,7.0
3166,7.0
3167,4.0
3168,2.0
3169,1.0
3170,1.0
3171,1.0
3172,8.0
3173,7.0
3174,2.0
3175,2.0
3176,7.0
3177,0.0
3178,9.0
3179,3.0
3180,9.0
3181,0.0
3182,6.0
3183,5.0
3184,9.0
3185,8.0
3186,2.0
3187,3.0
3188,2.0
3189,2.0
3190,3.0
3191,1.0
3192,0.0
3193,1.0
3194,1.0
3195,9.0
3196,1.0
3197,0.0
3198,3.0
3199,5.0
3200,4.0
3201,6.0
3202,7.0
3203,8.0
3204,6.0
3205,5.0
3206,9.0
3207,1.0
3208,5.0
3209,6.0
3210,7.0
3211,2.0
3212,6.0
3213,3.0
3214,7.0
3215,5.0
3216,8.0
3217,0.0
3218,3.0
3219,6.0
3220,6.0
3221,2.0
3222,4.0
3223,6.0
3224,7.0
3225,1.0
3226,7.0
3227,5.0
3228,6.0
3229,2.0
3230,2.0
3231,3.0
3232,1.0
3233,7.0
3234,1.0
3235,5.0
3236,0.0
3237,8.0
3238,9.0
3239,6.0
3240,1.0
3241,5.0
3242,5.0
3243,1.0
3244,3.0
3245,8.0
3246,7.0
3247,1.0
3248,4.0
3249,7.0
3250,9.0
3251,5.0
3252,4.0
3253,6.0
3254,8.0
3255,9.0
3256,7.0
3257,6.0
3258,6.0
3259,5.0
3260,4.0
3261,5.0
3262,3.0
3263,4.0
3264,4.0
3265,8.0
3266,8.0
3267,6.0
3268,0.0
3269,8.0
3270,0.0
3271,2.0
3272,9.0
3273,7.0
3274,5.0
3275,7.0
3276,4.0
3277,2.0
3278,2.0
3279,7.0
3280,7.0
3281,7.0
3282,5.0
3283,7.0
3284,3.0
3285,5.0
3286,0.0
3287,8.0
3288,4.0
3289,4.0
3290,4.0
3291,6.0
3292,6.0
3293,3.0
3294,0.0
3295,0.0
3296,2.0
3297,2.0
3298,0.0
3299,8.0
3300,7.0
3301,3.0
3302,5.0
3303,7.0
3304,1.0
3305,0.0
3306,5.0
3307,0.0
3308,4.0
3309,0.0
3310,7.0
3311,5.0
3312,4.0
3313,7.0
3314,8.0
3315,6.0
3316,0.0
3317,8.0
3318,2.0
3319,7.0
3320,6.0
3321,8.0
3322,9.0
3323,6.0
3324,3.0
3325,2.0
3326,7.0
3327,6.0
3328,4.0
3329,5.0
3330,3.0
3331,6.0
3332,9.0
3333,1.0
3334,8.0
3335,7.0
3336,9.0
3337,6.0
3338,5.0
3339,1.0
3340,2.0
3341,1.0
3342,3.0
3343,0.0
3344,5.0
3345,9.0
3346,3.0
3347,7.0
3348,0.0
3349,0.0
3350,6.0
3351,2.0
3352,6.0
3353,6.0
3354,7.0
3355,2.0
3356,3.0
3357,1.0
3358,7.0
3359,2.0
3360,9.0
3361,0.0
3362,7.0
3363,7.0
3364,3.0
3365,9.0
3366,0.0
3367,1.0
3368,8.0
3369,1.0
3370,0.0
3371,5.0
3372,7.0
3373,3.0
3374,9.0
3375,9.0
3376,4.0
3377,1.0
3378,9.0
3379,4.0
3380,6.0
3381,2.0
3382,3.0
3383,1.0
3384,1.0
3385,0.0
3386,6.0
3387,1.0
3388,2.0
3389,8.0
3390,7.0
3391,6.0
3392,0.0
3393,0.0
3394,9.0
3395,8.0
3396,3.0
3397,8.0
3398,4.0
3399,6.0
3400,6.0
3401,9.0
3402,3.0
3403,3.0
3404,9.0
3405,1.0
3406,5.0
3407,0.0
3408,5.0
3409,7.0
3410,3.0
3411,0.0
3412,5.0
3413,6.0
3414,3.0
3415,5.0
3416,9.0
3417,5.0
3418,6.0
3419,4.0
3420,2.0
3421,2.0
3422,5.0
3423,3.0
3424,0.0
3425,7.0
3426,2.0
3427,2.0
3428,3.0
3429,9.0
3430,3.0
3431,9.0
3432,1.0
3433,9.0
3434,2.0
3435,0.0
3436,1.0
3437,9.0
3438,7.0
3439,9.0
3440,8.0
3441,1.0
3442,3.0
3443,8.0
3444,1.0
3445,9.0
3446,8.0
3447,0.0
3448,4.0
3449,6.0
3450,1.0
3451,4.0
3452,3.0
3453,3.0
3454,5.0
3455,8.0
3456,4.0
3457,3.0
3458,3.0
3459,7.0
3460,0.0
3461,1.0
3462,0.0
3463,0.0
3464,7.0
3465,3.0
3466,7.0
3467,1.0
3468,9.0
3469,5.0
3470,1.0
3471,6.0
3472,3.0
3473,6.0
3474,2.0
3475,1.0
3476,2.0
3477,6.0
3478,8.0
3479,7.0
3480,0.0
3481,6.0
3482,3.0
3483,0.0
3484,1.0
3485,4.0
3486,4.0
3487,7.0
3488,3.0
3489,9.0
3490,8.0
3491,3.0
3492,2.0
3493,5.0
3494,9.0
3495,7.0
3496,6.0
3497,7.0
3498,0.0
3499,4.0
3500,4.0
3501,4.0
3502,5.0
3503,9.0
3504,7.0
3505,3.0
3506,7.0
3507,7.0
3508,5.0
3509,1.0
3510,0.0
3511,3.0
3512,0.0
3513,3.0
3514,5.0
3515,5.0
3516,0.0
3517,4.0
3518,8.0
3519,8.0
3520,1.0
3521,4.0
3522,2.0
3523,0.0
3524,8.0
3525,0.0
3526,2.0
3527,0.0
3528,9.0
3529,3.0
3530,5.0
3531,0.0
3532,4.0
3533,8.0
3534,5.0
3535,7.0
3536,4.0
3537,0.0
3538,8.0
3539,9.0
3540,9.0
3541,6.0
3542,3.0
3543,5.0
3544,5.0
3545,2.0
3546,9.0
3547,3.0
3548,0.0
3549,1.0
3550,1.0
3551,0.0
3552,8.0
3553,0.0
3554,0.0
3555,2.0
3556,7.0
3557,3.0
3558,0.0
3559,1.0
3560,1.0
3561,6.0
3562,9.0
3563,3.0
3564,6.0
3565,4.0
3566,0.0
3567,3.0
3568,6.0
3569,4.0
3570,8.0
3571,6.0
3572,2.0
3573,1.0
3574,3.0
3575,4.0
3576,5.0
3577,7.0
3578,6.0
3579,4.0
3580,6.0
3581,9.0
3582,8.0
3583,7.0
3584,4.0
3585,7.0
3586,6.0
3587,2.0
3588,4.0
3589,2.0
3590,8.0
3591,9.0
3592,3.0
3593,5.0
3594,6.0
3595,3.0
3596,0.0
3597,4.0
3598,3.0
3599,5.0
3600,6.0
3601,0.0
3602,2.0
3603,1.0
3604,8.0
3605,7.0
3606,0.0
3607,8.0
3608,7.0
3609,9.0
3610,1.0
3611,4.0
3612,7.0
3613,9.0
3614,9.0
3615,3.0
3616,2.0
3617,8.0
3618,9.0
3619,7.0
3620,4.0
3621,2.0
3622,5.0
3623,6.0
3624,0.0
3625,6.0
3626,3.0
3627,9.0
3628,3.0
3629,7.0
3630,3.0
3631,2.0
3632,5.0
3633,1.0
3634,3.0
3635,7.0
3636,9.0
3637,9.0
3638,1.0
3639,5.0
3640,6.0
3641,4.0
3642,2.0
3643,1.0
3644,4.0
3645,4.0
3646,8.0
3647,8.0
3648,9.0
3649,7.0
3650,3.0
3651,7.0
3652,7.0
3653,7.0
3654,9.0
3655,5.0
3656,8.0
3657,7.0
3658,2.0
3659,3.0
3660,3.0
3661,5.0
3662,1.0
3663,4.0
3664,9.0
3665,2.0
3666,8.0
3667,9.0
3668,9.0
3669,0.0
3670,5.0
3671,3.0
3672,8.0
3673,8.0
3674,5.0
3675,1.0
3676,1.0
3677,9.0
3678,9.0
3679,9.0
3680,7.0
3681,0.0
3682,3.0
3683,1.0
3684,2.0
3685,2.0
3686,5.0
3687,2.0
3688,0.0
3689,9.0
3690,4.0
3691,7.0
3692,2.0
3693,5.0
3694,9.0
3695,6.0
3696,0.0
3697,2.0
3698,4.0
3699,9.0
3700,7.0
3701,3.0
3702,0.0
3703,2.0
3704,3.0
3705,1.0
3706,4.0
3707,4.0
3708,5.0
3709,1.0
3710,5.0
3711,8.0
3712,8.0
3713,8.0
3714,7.0
3715,4.0
3716,2.0
3717,5.0
3718,1.0
3719,7.0
3720,5.0
3721,8.0
3722,3.0
3723,8.0
3724,4.0
3725,9.0
3726,0.0
3727,8.0
3728,1.0
3729,1.0
3730,7.0
3731,5.0
3732,4.0
3733,5.0
3734,3.0
3735,6.0
3736,0.0
3737,4.0
3738,1.0
3739,8.0
3740,1.0
3741,8.0
3742,1.0
3743,9.0
3744,0.0
3745,6.0
3746,0.0
3747,8.0
3748,7.0
3749,9.0
3750,0.0
3751,3.0
3752,5.0
3753,8.0
3754,5.0
3755,2.0
3756,6.0
3757,8.0
3758,0.0
3759,7.0
3760,0.0
3761,1.0
3762,3.0
3763,4.0
3764,3.0
3765,6.0
3766,9.0
3767,8.0
3768,0.0
3769,3.0
3770,6.0
3771,6.0
3772,9.0
3773,9.0
3774,1.0
3775,1.0
3776,2.0
3777,9.0
3778,7.0
3779,9.0
3780,1.0
3781,6.0
3782,9.0
3783,0.0
3784,0.0
3785,6.0
3786,3.0
3787,9.0
3788,6.0
3789,1.0
3790,5.0
3791,1.0
3792,4.0
3793,2.0
3794,8.0
3795,1.0
3796,1.0
3797,3.0
3798,4.0
3799,0.0
3800,7.0
3801,3.0
3802,3.0
3803,6.0
3804,1.0
3805,9.0
3806,7.0
3807,6.0
3808,9.0
3809,2.0
3810,6.0
3811,1.0
3812,2.0
3813,6.0
3814,4.0
3815,6.0
3816,3.0
3817,2.0
3818,3.0
3819,1.0
3820,0.0
3821,3.0
3822,7.0
3823,0.0
3824,6.0
3825,0.0
3826,1.0
3827,7.0
3828,5.0
3829,2.0
3830,9.0
3831,1.0
3832,5.0
3833,9.0
3834,8.0
3835,4.0
3836,6.0
3837,0.0
3838,6.0
3839,0.0
3840,6.0
3841,0.0
3842,6.0
3843,7.0
3844,1.0
3845,4.0
3846,7.0
3847,7.0
3848,5.0
3849,0.0
3850,4.0
3851,3.0
3852,1.0
3853,9.0
3854,1.0
3855,1.0
3856,4.0
3857,2.0
3858,7.0
3859,5.0
3860,8.0
3861,9.0
3862,6.0
3863,3.0
3864,4.0
3865,3.0
3866,0.0
3867,7.0
3868,1.0
3869,6.0
3870,6.0
3871,4.0
3872,9.0
3873,5.0
3874,5.0
3875,6.0
3876,7.0
3877,1.0
3878,6.0
3879,3.0
3880,5.0
3881,6.0
3882,7.0
3883,2.0
3884,4.0
3885,4.0
3886,5.0
3887,1.0
3888,8.0
3889,9.0
3890,5.0
3891,8.0
3892,5.0
3893,1.0
3894,2.0
3895,3.0
3896,7.0
3897,3.0
3898,2.0
3899,0.0
3900,7.0
3901,2.0
3902,2.0
3903,1.0
3904,8.0
3905,6.0
3906,4.0
3907,3.0
3908,3.0
3909,7.0
3910,5.0
3911,1.0
3912,1.0
3913,2.0
3914,1.0
3915,9.0
3916,5.0
3917,7.0
3918,9.0
3919,0.0
3920,5.0
3921,2.0
3922,3.0
3923,3.0
3924,0.0
3925,3.0
3926,8.0
3927,7.0
3928,3.0
3929,0.0
3930,1.0
3931,3.0
3932,0.0
3933,7.0
3934,3.0
3935,3.0
3936,9.0
3937,5.0
3938,0.0
3939,3.0
3940,1.0
3941,4.0
3942,4.0
3943,3.0
3944,5.0
3945,6.0
3946,8.0
3947,4.0
3948,3.0
3949,1.0
3950,1.0
3951,6.0
3952,4.0
3953,2.0
3954,1.0
3955,8.0
3956,6.0
3957,5.0
3958,0.0
3959,7.0
3960,7.0
3961,9.0
3962,4.0
3963,5.0
3964,9.0
3965,3.0
3966,1.0
3967,9.0
3968,5.0
3969,8.0
3970,3.0
3971,2.0
3972,0.0
3973,4.0
3974,3.0
3975,2.0
3976,0.0
3977,2.0
3978,6.0
3979,7.0
3980,2.0
3981,2.0
3982,2.0
3983,4.0
3984,6.0
3985,1.0
3986,1.0
3987,6.0
3988,2.0
3989,2.0
3990,1.0
3991,3.0
3992,2.0
3993,7.0
3994,6.0
3995,0.0
3996,9.0
3997,8.0
3998,7.0
3999,8.0
4000,4.0
4001,2.0
4002,5.0
4003,1.0
4004,6.0
4005,2.0
4006,3.0
4007,2.0
4008,5.0
4009,0.0
4010,8.0
4011,2.0
4012,7.0
4013,1.0
4014,9.0
4015,3.0
4016,6.0
4017,9.0
4018,8.0
4019,0.0
4020,2.0
4021,6.0
4022,7.0
4023,1.0
4024,5.0
4025,7.0
4026,7.0
4027,4.0
4028,2.0
4029,3.0
4030,1.0
4031,8.0
4032,6.0
4033,7.0
4034,8.0
4035,1.0
4036,6.0
4037,7.0
4038,3.0
4039,4.0
4040,4.0
4041,7.0
4042,8.0
4043,9.0
4044,1.0
4045,1.0
4046,1.0
4047,5.0
4048,9.0
4049,5.0
4050,1.0
4051,7.0
4052,9.0
4053,1.0
4054,5.0
4055,4.0
4056,1.0
4057,7.0
4058,1.0
4059,7.0
4060,7.0
4061,0.0
4062,0.0
4063,6.0
4064,6.0
4065,0.0
4066,0.0
4067,1.0
4068,2.0
4069,9.0
4070,9.0
4071,7.0
4072,4.0
4073,4.0
4074,4.0
4075,6.0
4076,1.0
4077,2.0
4078,4.0
4079,5.0
4080,8.0
4081,2.0
4082,1.0
4083,1.0
4084,7.0
4085,2.0
4086,9.0
4087,6.0
4088,1.0
4089,6.0
4090,2.0
4091,4.0
4092,2.0
4093,6.0
4094,3.0
4095,4.0
4096,5.0
4097,4.0
4098,3.0
4099,2.0
4100,5.0
4101,8.0
4102,0.0
4103,5.0
4104,2.0
4105,7.0
4106,7.0
4107,1.0
4108,4.0
4109,6.0
4110,1.0
4111,2.0
4112,6.0
4113,1.0
4114,5.0
4115,3.0
4116,0.0
4117,6.0
4118,9.0
4119,6.0
4120,3.0
4121,6.0
4122,2.0
4123,1.0
4124,3.0
4125,7.0
4126,3.0
4127,1.0
4128,5.0
4129,2.0
4130,7.0
4131,1.0
4132,1.0
4133,8.0
4134,1.0
4135,1.0
4136,7.0
4137,0.0
4138,0.0
4139,3.0
4140,9.0
4141,4.0
4142,6.0
4143,0.0
4144,4.0
4145,7.0
4146,8.0
4147,9.0
4148,2.0
4149,9.0
4150,2.0
4151,9.0
4152,2.0
4153,3.0
4154,9.0
4155,1.0
4156,3.0
4157,1.0
4158,0.0
4159,4.0
4160,3.0
4161,2.0
4162,9.0
4163,4.0
4164,5.0
4165,2.0
4166,0.0
4167,6.0
4168,7.0
4169,8.0
4170,2.0
4171,9.0
4172,9.0
4173,2.0
4174,3.0
4175,7.0
4176,8.0
4177,3.0
4178,6.0
4179,4.0
4180,3.0
4181,8.0
4182,8.0
4183,3.0
4184,7.0
4185,2.0
4186,3.0
4187,6.0
4188,6.0
4189,9.0
4190,4.0
4191,2.0
4192,0.0
4193,7.0
4194,4.0
4195,1.0
4196,8.0
4197,4.0
4198,9.0
4199,8.0
4200,7.0
4201,2.0
4202,2.0
4203,0.0
4204,7.0
4205,4.0
4206,0.0
4207,2.0
4208,0.0
4209,3.0
4210,4.0
4211,5.0
4212,9.0
4213,6.0
4214,5.0
4215,9.0
4216,4.0
4217,9.0
4218,8.0
4219,1.0
4220,5.0
4221,8.0
4222,6.0
4223,5.0
4224,1.0
4225,4.0
4226,4.0
4227,9.0
4228,9.0
4229,2.0
4230,8.0
4231,6.0
4232,6.0
4233,1.0
4234,3.0
4235,5.0
4236,0.0
4237,4.0
4238,3.0
4239,4.0
4240,4.0
4241,9.0
4242,2.0
4243,9.0
4244,5.0
4245,9.0
4246,3.0
4247,1.0
4248,7.0
4249,8.0
4250,6.0
4251,5.0
4252,5.0
4253,1.0
4254,3.0
4255,1.0
4256,1.0
4257,8.0
4258,4.0
4259,0.0
4260,4.0
4261,2.0
4262,2.0
4263,1.0
4264,4.0
4265,8.0
4266,3.0
4267,6.0
4268,7.0
4269,0.0
4270,5.0
4271,2.0
4272,4.0
4273,2.0
4274,7.0
4275,2.0
4276,2.0
4277,2.0
4278,2.0
4279,4.0
4280,4.0
4281,2.0
4282,3.0
4283,0.0
4284,3.0
4285,6.0
4286,9.0
4287,3.0
4288,8.0
4289,6.0
4290,7.0
4291,2.0
4292,8.0
4293,9.0
4294,2.0
4295,3.0
4296,2.0
4297,0.0
4298,4.0
4299,1.0
4300,2.0
4301,9.0
4302,8.0
4303,5.0
4304,9.0
4305,9.0
4306,0.0
4307,5.0
4308,6.0
4309,7.0
4310,1.0
4311,5.0
4312,6.0
4313,9.0
4314,0.0
4315,9.0
4316,0.0
4317,2.0
4318,1.0
4319,0.0
4320,6.0
4321,7.0
4322,3.0
4323,0.0
4324,3.0
4325,8.0
4326,6.0
4327,7.0
4328,3.0
4329,5.0
4330,8.0
4331,6.0
4332,4.0
4333,1.0
4334,7.0
4335,2.0
4336,0.0
4337,6.0
4338,2.0
4339,5.0
4340,9.0
4341,3.0
4342,0.0
4343,1.0
4344,8.0
4345,2.0
4346,4.0
4347,8.0
4348,5.0
4349,2.0
4350,0.0
4351,4.0
4352,1.0
4353,7.0
4354,7.0
4355,4.0
4356,4.0
4357,2.0
4358,3.0
4359,3.0
4360,2.0
4361,1.0
4362,7.0
4363,8.0
4364,8.0
4365,4.0
4366,7.0
4367,9.0
4368,1.0
4369,6.0
4370,9.0
4371,7.0
4372,2.0
4373,7.0
4374,7.0
4375,7.0
4376,8.0
4377,4.0
4378,3.0
4379,6.0
4380,7.0
4381,2.0
4382,3.0
4383,1.0
4384,8.0
4385,6.0
4386,3.0
4387,8.0
4388,0.0
4389,0.0
4390,6.0
4391,1.0
4392,8.0
4393,9.0
4394,7.0
4395,0.0
4396,9.0
4397,5.0
4398,7.0
4399,7.0
4400,4.0
4401,8.0
4402,7.0
4403,8.0
4404,1.0
4405,3.0
4406,2.0
4407,7.0
4408,9.0
4409,0.0
4410,1.0
4411,7.0
4412,3.0
4413,2.0
4414,2.0
4415,6.0
4416,2.0
4417,1.0
4418,9.0
4419,4.0
4420,0.0
4421,4.0
4422,6.0
4423,6.0
4424,4.0
4425,6.0
4426,2.0
4427,7.0
4428,4.0
4429,2.0
4430,0.0
4431,2.0
4432,3.0
4433,3.0
4434,1.0
4435,4.0
4436,1.0
4437,6.0
4438,4.0
4439,1.0
4440,9.0
4441,0.0
4442,9.0
4443,9.0
4444,5.0
4445,3.0
4446,3.0
4447,7.0
4448,6.0
4449,1.0
4450,5.0
4451,2.0
4452,2.0
4453,9.0
4454,3.0
4455,3.0
4456,7.0
4457,4.0
4458,9.0
4459,3.0
4460,9.0
4461,4.0
4462,5.0
4463,7.0
4464,9.0
4465,2.0
4466,9.0
4467,0.0
4468,9.0
4469,2.0
4470,6.0
4471,0.0
4472,9.0
4473,1.0
4474,4.0
4475,6.0
4476,1.0
4477,7.0
4478,5.0
4479,6.0
4480,7.0
4481,9.0
4482,3.0
4483,2.0
4484,3.0
4485,0.0
4486,2.0
4487,0.0
4488,6.0
4489,6.0
4490,8.0
4491,0.0
4492,9.0
4493,9.0
4494,6.0
4495,2.0
4496,2.0
4497,7.0
4498,2.0
4499,1.0
4500,7.0
4501,8.0
4502,2.0
4503,9.0
4504,3.0
4505,6.0
4506,7.0
4507,6.0
4508,0.0
4509,2.0
4510,2.0
4511,9.0
4512,3.0
4513,3.0
4514,4.0
4515,7.0
4516,4.0
4517,0.0
4518,0.0
4519,8.0
4520,8.0
4521,4.0
4522,9.0
4523,5.0
4524,3.0
4525,0.0
4526,2.0
4527,1.0
4528,4.0
4529,6.0
4530,3.0
4531,8.0
4532,9.0
4533,5.0
4534,2.0
4535,7.0
4536,9.0
4537,6.0
4538,1.0
4539,4.0
4540,4.0
4541,6.0
4542,0.0
4543,3.0
4544,2.0
4545,2.0
4546,9.0
4547,6.0
4548,6.0
4549,1.0
4550,3.0
4551,2.0
4552,8.0
4553,1.0
4554,3.0
4555,2.0
4556,7.0
4557,7.0
4558,0.0
4559,1.0
4560,2.0
4561,2.0
4562,0.0
4563,6.0
4564,1.0
4565,1.0
4566,1.0
4567,7.0
4568,8.0
4569,7.0
4570,8.0
4571,2.0
4572,2.0
4573,9.0
4574,5.0
4575,0.0
4576,7.0
4577,8.0
4578,7.0
4579,0.0
4580,2.0
4581,9.0
4582,2.0
4583,9.0
4584,5.0
4585,6.0
4586,7.0
4587,3.0
4588,0.0
4589,5.0
4590,6.0
4591,6.0
4592,3.0
4593,7.0
4594,3.0
4595,6.0
4596,9.0
4597,9.0
4598,7.0
4599,0.0
4600,4.0
4601,0.0
4602,7.0
4603,7.0
4604,2.0
4605,3.0
4606,4.0
4607,1.0
4608,8.0
4609,4.0
4610,7.0
4611,6.0
4612,4.0
4613,0.0
4614,4.0
4615,3.0
4616,0.0
4617,1.0
4618,1.0
4619,7.0
4620,7.0
4621,2.0
4622,5.0
4623,4.0
4624,3.0
4625,9.0
4626,3.0
4627,7.0
4628,8.0
4629,6.0
4630,9.0
4631,9.0
4632,7.0
4633,4.0
4634,1.0
4635,4.0
4636,7.0
4637,4.0
4638,5.0
4639,9.0
4640,0.0
4641,1.0
4642,4.0
4643,0.0
4644,4.0
4645,2.0
4646,5.0
4647,6.0
4648,8.0
4649,9.0
4650,2.0
4651,9.0
4652,6.0
4653,4.0
4654,8.0
4655,3.0
4656,7.0
4657,9.0
4658,5.0
4659,2.0
4660,6.0
4661,1.0
4662,3.0
4663,2.0
4664,8.0
4665,8.0
4666,3.0
4667,9.0
4668,2.0
4669,6.0
4670,3.0
4671,0.0
4672,2.0
4673,4.0
4674,1.0
4675,6.0
4676,7.0
4677,8.0
4678,5.0
4679,9.0
4680,0.0
4681,2.0
4682,5.0
4683,4.0
4684,2.0
4685,7.0
4686,9.0
4687,2.0
4688,1.0
4689,5.0
4690,0.0
4691,4.0
4692,8.0
4693,0.0
4694,2.0
4695,0.0
4696,1.0
4697,9.0
4698,2.0
4699,0.0
4700,4.0
4701,3.0
4702,9.0
4703,5.0
4704,7.0
4705,4.0
4706,2.0
4707,4.0
4708,6.0
4709,5.0
4710,3.0
4711,8.0
4712,5.0
4713,6.0
4714,3.0
4715,9.0
4716,2.0
4717,2.0
4718,2.0
4719,6.0
4720,7.0
4721,0.0
4722,4.0
4723,1.0
4724,9.0
4725,7.0
4726,2.0
4727,4.0
4728,4.0
4729,3.0
4730,6.0
4731,9.0
4732,5.0
4733,6.0
4734,6.0
4735,2.0
4736,8.0
4737,8.0
4738,7.0
4739,4.0
4740,4.0
4741,0.0
4742,6.0
4743,7.0
4744,5.0
4745,5.0
4746,3.0
4747,1.0
4748,3.0
4749,1.0
4750,3.0
4751,7.0
4752,1.0
4753,5.0
4754,3.0
4755,7.0
4756,1.0
4757,7.0
4758,1.0
4759,1.0
4760,0.0
4761,5.0
4762,4.0
4763,8.0
4764,7.0
4765,3.0
4766,6.0
4767,1.0
4768,6.0
4769,3.0
4770,1.0
4771,2.0
4772,1.0
4773,5.0
4774,6.0
4775,6.0
4776,8.0
4777,3.0
4778,4.0
4779,1.0
4780,6.0
4781,6.0
4782,2.0
4783,9.0
4784,0.0
4785,1.0
4786,7.0
4787,4.0
4788,0.0
4789,6.0
4790,1.0
4791,3.0
4792,4.0
4793,7.0
4794,9.0
4795,0.0
4796,6.0
4797,0.0
4798,3.0
4799,1.0
4800,6.0
4801,6.0
4802,8.0
4803,3.0
4804,3.0
4805,1.0
4806,9.0
4807,3.0
4808,4.0
4809,8.0
4810,1.0
4811,1.0
4812,5.0
4813,1.0
4814,9.0
4815,3.0
4816,4.0
4817,3.0
4818,0.0
4819,4.0
4820,3.0
4821,1.0
4822,8.0
4823,7.0
4824,4.0
4825,1.0
4826,4.0
4827,0.0
4828,9.0
4829,7.0
4830,6.0
4831,1.0
4832,6.0
4833,1.0
4834,2.0
4835,9.0
4836,0.0
4837,1.0
4838,1.0
4839,4.0
4840,6.0
4841,6.0
4842,3.0
4843,1.0
4844,1.0
4845,4.0
4846,0.0
4847,9.0
4848,1.0
4849,5.0
4850,4.0
4851,9.0
4852,2.0
4853,5.0
4854,1.0
4855,4.0
4856,3.0
4857,1.0
4858,9.0
4859,2.0
4860,3.0
4861,7.0
4862,7.0
4863,4.0
4864,6.0
4865,2.0
4866,3.0
4867,1.0
4868,3.0
4869,8.0
4870,0.0
4871,5.0
4872,6.0
4873,3.0
4874,3.0
4875,6.0
4876,1.0
4877,3.0
4878,9.0
4879,0.0
4880,3.0
4881,9.0
4882,2.0
4883,6.0
4884,1.0
4885,8.0
4886,6.0
4887,9.0
4888,3.0
4889,1.0
4890,7.0
4891,2.0
4892,7.0
4893,7.0
4894,7.0
4895,9.0
4896,5.0
4897,3.0
4898,3.0
4899,3.0
4900,3.0
4901,2.0
4902,9.0
4903,4.0
4904,3.0
4905,6.0
4906,8.0
4907,9.0
4908,8.0
4909,2.0
4910,3.0
4911,8.0
4912,1.0
4913,9.0
4914,7.0
4915,4.0
4916,5.0
4917,4.0
4918,3.0
4919,2.0
4920,6.0
4921,9.0
4922,1.0
4923,7.0
4924,5.0
4925,6.0
4926,7.0
4927,4.0
4928,3.0
4929,6.0
4930,6.0
4931,0.0
4932,2.0
4933,6.0
4934,6.0
4935,6.0
4936,8.0
4937,0.0
4938,3.0
4939,8.0
4940,6.0
4941,1.0
4942,6.0
4943,7.0
4944,7.0
4945,9.0
4946,3.0
4947,4.0
4948,3.0
4949,8.0
4950,9.0
4951,0.0
4952,3.0
4953,3.0
4954,6.0
4955,8.0
4956,1.0
4957,7.0
4958,0.0
4959,9.0
4960,5.0
4961,7.0
4962,8.0
4963,0.0
4964,3.0
4965,1.0
4966,7.0
4967,1.0
4968,9.0
4969,3.0
4970,9.0
4971,8.0
4972,1.0
4973,5.0
4974,6.0
4975,0.0
4976,1.0
4977,8.0
4978,8.0
4979,3.0
4980,7.0
4981,1.0
4982,1.0
4983,1.0
4984,6.0
4985,7.0
4986,7.0
4987,6.0
4988,2.0
4989,5.0
4990,1.0
4991,3.0
4992,7.0
4993,0.0
4994,8.0
4995,6.0
4996,8.0
4997,0.0
4998,6.0
4999,2.0
5000,4.0
5001,1.0
5002,0.0
5003,7.0
5004,7.0
5005,2.0
5006,9.0
5007,6.0
5008,3.0
5009,7.0
5010,9.0
5011,7.0
5012,5.0
5013,3.0
5014,3.0
5015,1.0
5016,2.0
5017,4.0
5018,3.0
5019,1.0
5020,9.0
5021,1.0
5022,1.0
5023,7.0
5024,6.0
5025,0.0
5026,4.0
5027,1.0
5028,5.0
5029,3.0
5030,7.0
5031,9.0
5032,9.0
5033,2.0
5034,3.0
5035,1.0
5036,2.0
5037,2.0
5038,1.0
5039,7.0
5040,0.0
5041,2.0
5042,4.0
5043,8.0
5044,1.0
5045,3.0
5046,7.0
5047,8.0
5048,6.0
5049,1.0
5050,9.0
5051,0.0
5052,5.0
5053,3.0
5054,1.0
5055,6.0
5056,4.0
5057,6.0
5058,0.0
5059,6.0
5060,1.0
5061,0.0
5062,3.0
5063,1.0
5064,0.0
5065,2.0
5066,9.0
5067,6.0
5068,0.0
5069,6.0
5070,7.0
5071,2.0
5072,5.0
5073,0.0
5074,6.0
5075,0.0
5076,3.0
5077,8.0
5078,8.0
5079,8.0
5080,8.0
5081,0.0
5082,7.0
5083,3.0
5084,8.0
5085,1.0
5086,4.0
5087,8.0
5088,1.0
5089,4.0
5090,5.0
5091,2.0
5092,7.0
5093,7.0
5094,2.0
5095,9.0
5096,8.0
5097,6.0
5098,4.0
5099,5.0
5100,1.0
5101,2.0
5102,7.0
5103,7.0
5104,1.0
5105,6.0
5106,7.0
5107,3.0
5108,9.0
5109,6.0
5110,2.0
5111,6.0
5112,6.0
5113,1.0
5114,1.0
5115,1.0
5116,1.0
5117,4.0
5118,0.0
5119,8.0
5120,7.0
5121,0.0
5122,9.0
5123,9.0
5124,5.0
5125,3.0
5126,1.0
5127,4.0
5128,7.0
5129,6.0
5130,8.0
5131,2.0
5132,4.0
5133,9.0
5134,3.0
5135,2.0
5136,6.0
5137,6.0
5138,0.0
5139,4.0
5140,1.0
5141,1.0
5142,0.0
5143,8.0
5144,6.0
5145,9.0
5146,0.0
5147,1.0
5148,0.0
5149,7.0
5150,5.0
5151,6.0
5152,3.0
5153,3.0
5154,1.0
5155,6.0
5156,4.0
5157,6.0
5158,1.0
5159,3.0
5160,2.0
5161,8.0
5162,0.0
5163,8.0
5164,8.0
5165,4.0
5166,9.0
5167,3.0
5168,2.0
5169,5.0
5170,4.0
5171,1.0
5172,3.0
5173,7.0
5174,4.0
5175,3.0
5176,2.0
5177,5.0
5178,0.0
5179,4.0
5180,8.0
5181,1.0
5182,3.0
5183,8.0
5184,5.0
5185,4.0
5186,0.0
5187,5.0
5188,9.0
5189,6.0
5190,8.0
5191,1.0
5192,4.0
5193,2.0
5194,6.0
5195,3.0
5196,0.0
5197,8.0
5198,5.0
5199,9.0
5200,2.0
5201,2.0
5202,1.0
5203,4.0
5204,1.0
5205,6.0
5206,4.0
5207,1.0
5208,4.0
5209,9.0
5210,7.0
5211,1.0
5212,6.0
5213,7.0
5214,8.0
5215,0.0
5216,2.0
5217,4.0
5218,9.0
5219,8.0
5220,0.0
5221,3.0
5222,9.0
5223,0.0
5224,6.0
5225,7.0
5226,2.0
5227,6.0
5228,7.0
5229,5.0
5230,1.0
5231,1.0
5232,9.0
5233,6.0
5234,2.0
5235,5.0
5236,4.0
5237,8.0
5238,2.0
5239,2.0
5240,7.0
5241,9.0
5242,9.0
5243,2.0
5244,8.0
5245,3.0
5246,3.0
5247,4.0
5248,4.0
5249,9.0
5250,2.0
5251,5.0
5252,3.0
5253,8.0
5254,4.0
5255,5.0
5256,1.0
5257,2.0
5258,9.0
5259,0.0
5260,1.0
5261,2.0
5262,5.0
5263,9.0
5264,9.0
5265,9.0
5266,9.0
5267,3.0
5268,3.0
5269,9.0
5270,5.0
5271,2.0
5272,3.0
5273,2.0
5274,4.0
5275,2.0
5276,8.0
5277,3.0
5278,7.0
5279,6.0
5280,9.0
5281,5.0
5282,5.0
5283,5.0
5284,2.0
5285,6.0
5286,7.0
5287,8.0
5288,5.0
5289,1.0
5290,6.0
5291,4.0
5292,5.0
5293,8.0
5294,0.0
5295,7.0
5296,3.0
5297,6.0
5298,8.0
5299,4.0
5300,0.0
5301,5.0
5302,4.0
5303,3.0
5304,5.0
5305,4.0
5306,9.0
5307,6.0
5308,3.0
5309,1.0
5310,0.0
5311,0.0
5312,3.0
5313,7.0
5314,7.0
5315,0.0
5316,9.0
5317,0.0
5318,8.0
5319,8.0
5320,5.0
5321,5.0
5322,8.0
5323,1.0
5324,8.0
5325,2.0
5326,4.0
5327,7.0
5328,9.0
5329,9.0
5330,2.0
5331,7.0
5332,7.0
5333,6.0
5334,1.0
5335,2.0
5336,5.0
5337,7.0
5338,7.0
5339,7.0
5340,8.0
5341,6.0
5342,1.0
5343,7.0
5344,0.0
5345,7.0
5346,3.0
5347,9.0
5348,2.0
5349,2.0
5350,7.0
5351,1.0
5352,2.0
5353,3.0
5354,2.0
5355,2.0
5356,6.0
5357,2.0
5358,8.0
5359,3.0
5360,2.0
5361,5.0
5362,0.0
5363,3.0
5364,8.0
5365,7.0
5366,7.0
5367,7.0
5368,2.0
5369,1.0
5370,1.0
5371,7.0
5372,7.0
5373,2.0
5374,3.0
5375,4.0
5376,2.0
5377,7.0
5378,8.0
5379,7.0
5380,8.0
5381,0.0
5382,2.0
5383,8.0
5384,5.0
5385,7.0
5386,3.0
5387,9.0
5388,7.0
5389,8.0
5390,1.0
5391,6.0
5392,7.0
5393,4.0
5394,0.0
5395,3.0
5396,1.0
5397,4.0
5398,2.0
5399,1.0
5400,3.0
5401,3.0
5402,7.0
5403,1.0
5404,0.0
5405,4.0
5406,9.0
5407,6.0
5408,4.0
5409,9.0
5410,5.0
5411,2.0
5412,4.0
5413,8.0
5414,3.0
5415,4.0
5416,6.0
5417,3.0
5418,3.0
5419,8.0
5420,3.0
5421,4.0
5422,9.0
5423,5.0
5424,6.0
5425,1.0
5426,4.0
5427,4.0
5428,1.0
5429,2.0
5430,3.0
5431,2.0
5432,3.0
5433,4.0
5434,7.0
5435,3.0
5436,0.0
5437,4.0
5438,6.0
5439,0.0
5440,8.0
5441,2.0
5442,9.0
5443,2.0
5444,9.0
5445,6.0
5446,0.0
5447,0.0
5448,0.0
5449,6.0
5450,9.0
5451,5.0
5452,3.0
5453,4.0
5454,0.0
5455,9.0
5456,9.0
5457,1.0
5458,6.0
5459,7.0
5460,8.0
5461,8.0
5462,3.0
5463,4.0
5464,8.0
5465,3.0
5466,5.0
5467,8.0
5468,2.0
5469,4.0
5470,0.0
5471,1.0
5472,2.0
5473,0.0
5474,8.0
5475,1.0
5476,3.0
5477,9.0
5478,5.0
5479,4.0
5480,9.0
5481,8.0
5482,1.0
5483,9.0
5484,3.0
5485,9.0
5486,9.0
5487,4.0
5488,7.0
5489,9.0
5490,4.0
5491,2.0
5492,2.0
5493,5.0
5494,8.0
5495,0.0
5496,9.0
5497,3.0
5498,1.0
5499,9.0
5500,5.0
5501,6.0
5502,8.0
5503,6.0
5504,4.0
5505,3.0
5506,9.0
5507,8.0
5508,8.0
5509,1.0
5510,0.0
5511,4.0
5512,7.0
5513,0.0
5514,0.0
5515,6.0
5516,1.0
5517,5.0
5518,7.0
5519,1.0
5520,9.0
5521,5.0
5522,1.0
5523,6.0
5524,3.0
5525,8.0
5526,6.0
5527,6.0
5528,4.0
5529,5.0
5530,8.0
5531,9.0
5532,6.0
5533,8.0
5534,7.0
5535,2.0
5536,7.0
5537,5.0
5538,6.0
5539,2.0
5540,6.0
5541,3.0
5542,2.0
5543,1.0
5544,5.0
5545,3.0
5546,5.0
5547,9.0
5548,6.0
5549,1.0
5550,6.0
5551,0.0
5552,9.0
5553,2.0
5554,4.0
5555,8.0
5556,5.0
5557,4.0
5558,2.0
5559,3.0
5560,5.0
5561,0.0
5562,4.0
5563,9.0
5564,1.0
5565,1.0
5566,7.0
5567,5.0
5568,5.0
5569,1.0
5570,7.0
5571,9.0
5572,5.0
5573,5.0
5574,8.0
5575,3.0
5576,5.0
5577,8.0
5578,3.0
5579,1.0
5580,5.0
5581,1.0
5582,8.0
5583,9.0
5584,7.0
5585,1.0
5586,3.0
5587,9.0
5588,5.0
5589,2.0
5590,2.0
5591,6.0
5592,2.0
5593,9.0
5594,3.0
5595,4.0
5596,4.0
5597,5.0
5598,7.0
5599,3.0
5600,4.0
5601,2.0
5602,3.0
5603,9.0
5604,0.0
5605,2.0
5606,4.0
5607,6.0
5608,4.0
5609,8.0
5610,7.0
5611,7.0
5612,5.0
5613,7.0
5614,2.0
5615,5.0
5616,4.0
5617,1.0
5618,7.0
5619,3.0
5620,1.0
5621,4.0
5622,4.0
5623,0.0
5624,6.0
5625,4.0
5626,6.0
5627,2.0
5628,3.0
5629,8.0
5630,6.0
5631,1.0
5632,8.0
5633,0.0
5634,4.0
5635,5.0
5636,7.0
5637,9.0
5638,9.0
5639,9.0
5640,0.0
5641,9.0
5642,7.0
5643,9.0
5644,4.0
5645,0.0
5646,9.0
5647,8.0
5648,1.0
5649,2.0
5650,6.0
5651,3.0
5652,6.0
5653,2.0
5654,6.0
5655,6.0
5656,0.0
5657,7.0
5658,8.0
5659,1.0
5660,2.0
5661,2.0
5662,1.0
5663,8.0
5664,4.0
5665,2.0
5666,8.0
5667,3.0
5668,7.0
5669,8.0
5670,4.0
5671,0.0
5672,5.0
5673,3.0
5674,6.0
5675,2.0
5676,3.0
5677,6.0
5678,4.0
5679,2.0
5680,4.0
5681,8.0
5682,2.0
5683,2.0
5684,9.0
5685,7.0
5686,8.0
5687,5.0
5688,0.0
5689,1.0
5690,1.0
5691,3.0
5692,0.0
5693,6.0
5694,3.0
5695,1.0
5696,2.0
5697,1.0
5698,8.0
5699,4.0
5700,9.0
5701,8.0
5702,6.0
5703,4.0
5704,3.0
5705,5.0
5706,0.0
5707,0.0
5708,7.0
5709,7.0
5710,5.0
5711,3.0
5712,0.0
5713,3.0
5714,9.0
5715,6.0
5716,7.0
5717,3.0
5718,1.0
5719,9.0
5720,6.0
5721,5.0
5722,2.0
5723,8.0
5724,0.0
5725,0.0
5726,8.0
5727,9.0
5728,0.0
5729,6.0
5730,1.0
5731,2.0
5732,0.0
5733,0.0
5734,1.0
5735,0.0
5736,6.0
5737,6.0
5738,1.0
5739,4.0
5740,2.0
5741,3.0
5742,9.0
5743,2.0
5744,1.0
5745,5.0
5746,7.0
5747,5.0
5748,6.0
5749,0.0
5750,6.0
5751,7.0
5752,9.0
5753,8.0
5754,1.0
5755,5.0
5756,4.0
5757,0.0
5758,2.0
5759,2.0
5760,9.0
5761,2.0
5762,0.0
5763,2.0
5764,7.0
5765,6.0
5766,6.0
5767,0.0
5768,4.0
5769,8.0
5770,3.0
5771,8.0
5772,2.0
5773,8.0
5774,4.0
5775,8.0
5776,1.0
5777,2.0
5778,0.0
5779,9.0
5780,6.0
5781,3.0
5782,6.0
5783,0.0
5784,1.0
5785,8.0
5786,2.0
5787,1.0
5788,7.0
5789,8.0
5790,4.0
5791,9.0
5792,9.0
5793,5.0
5794,1.0
5795,2.0
5796,5.0
5797,7.0
5798,7.0
5799,3.0
5800,1.0
5801,3.0
5802,6.0
5803,9.0
5804,4.0
5805,8.0
5806,6.0
5807,1.0
5808,2.0
5809,1.0
5810,4.0
5811,5.0
5812,9.0
5813,6.0
5814,9.0
5815,7.0
5816,7.0
5817,2.0
5818,8.0
5819,0.0
5820,6.0
5821,5.0
5822,1.0
5823,0.0
5824,6.0
5825,5.0
5826,8.0
5827,8.0
5828,9.0
5829,7.0
5830,1.0
5831,8.0
5832,6.0
5833,6.0
5834,2.0
5835,4.0
5836,3.0
5837,8.0
5838,1.0
5839,3.0
5840,5.0
5841,6.0
5842,2.0
5843,0.0
5844,7.0
5845,5.0
5846,7.0
5847,2.0
5848,4.0
5849,1.0
5850,0.0
5851,0.0
5852,0.0
5853,5.0
5854,2.0
5855,9.0
5856,4.0
5857,7.0
5858,2.0
5859,9.0
5860,4.0
5861,0.0
5862,2.0
5863,5.0
5864,0.0
5865,0.0
5866,5.0
5867,3.0
5868,2.0
5869,9.0
5870,7.0
5871,5.0
5872,6.0
5873,0.0
5874,2.0
5875,4.0
5876,2.0
5877,5.0
5878,0.0
5879,4.0
5880,6.0
5881,1.0
5882,9.0
5883,1.0
5884,1.0
5885,0.0
5886,4.0
5887,1.0
5888,9.0
5889,5.0
5890,7.0
5891,4.0
5892,1.0
5893,3.0
5894,0.0
5895,9.0
5896,7.0
5897,9.0
5898,6.0
5899,3.0
5900,0.0
5901,5.0
5902,3.0
5903,3.0
5904,2.0
5905,6.0
5906,2.0
5907,8.0
5908,6.0
5909,2.0
5910,6.0
5911,0.0
5912,2.0
5913,2.0
5914,7.0
5915,3.0
5916,1.0
5917,7.0
5918,4.0
5919,9.0
5920,6.0
5921,0.0
5922,4.0
5923,0.0
5924,4.0
5925,0.0
5926,7.0
5927,0.0
5928,5.0
5929,9.0
5930,7.0
5931,4.0
5932,0.0
5933,0.0
5934,9.0
5935,5.0
5936,8.0
5937,6.0
5938,3.0
5939,5.0
5940,4.0
5941,2.0
5942,5.0
5943,6.0
5944,8.0
5945,3.0
5946,0.0
5947,5.0
5948,3.0
5949,6.0
5950,3.0
5951,3.0
5952,9.0
5953,3.0
5954,5.0
5955,1.0
5956,1.0
5957,5.0
5958,1.0
5959,2.0
5960,7.0
5961,8.0
5962,6.0
5963,2.0
5964,7.0
5965,1.0
5966,7.0
5967,5.0
5968,7.0
5969,9.0
5970,5.0
5971,0.0
5972,1.0
5973,3.0
5974,4.0
5975,7.0
5976,2.0
5977,6.0
5978,1.0
5979,5.0
5980,2.0
5981,9.0
5982,1.0
5983,6.0
5984,0.0
5985,5.0
5986,8.0
5987,1.0
5988,2.0
5989,6.0
5990,3.0
5991,6.0
5992,2.0
5993,0.0
5994,6.0
5995,1.0
5996,6.0
5997,4.0
5998,0.0
5999,6.0
6000,9.0
6001,8.0
6002,7.0
6003,2.0
6004,6.0
6005,1.0
6006,1.0
6007,8.0
6008,6.0
6009,9.0
6010,4.0
6011,1.0
6012,8.0
6013,8.0
6014,3.0
6015,7.0
6016,7.0
6017,4.0
6018,6.0
6019,0.0
6020,0.0
6021,1.0
6022,6.0
6023,3.0
6024,7.0
6025,0.0
6026,9.0
6027,3.0
6028,1.0
6029,4.0
6030,8.0
6031,3.0
6032,2.0
6033,3.0
6034,3.0
6035,6.0
6036,3.0
6037,7.0
6038,0.0
6039,3.0
6040,6.0
6041,4.0
6042,8.0
6043,3.0
6044,8.0
6045,0.0
6046,7.0
6047,3.0
6048,1.0
6049,5.0
6050,4.0
6051,8.0
6052,1.0
6053,0.0
6054,9.0
6055,9.0
6056,2.0
6057,8.0
6058,7.0
6059,0.0
6060,7.0
6061,0.0
6062,2.0
6063,9.0
6064,6.0
6065,2.0
6066,4.0
6067,6.0
6068,6.0
6069,3.0
6070,3.0
6071,7.0
6072,3.0
6073,0.0
6074,6.0
6075,8.0
6076,6.0
6077,5.0
6078,0.0
6079,4.0
6080,9.0
6081,1.0
6082,9.0
6083,7.0
6084,7.0
6085,2.0
6086,5.0
6087,8.0
6088,1.0
6089,4.0
6090,7.0
6091,7.0
6092,0.0
6093,9.0
6094,1.0
6095,1.0
6096,6.0
6097,2.0
6098,2.0
6099,6.0
6100,5.0
6101,5.0
6102,2.0
6103,0.0
6104,3.0
6105,8.0
6106,7.0
6107,4.0
6108,2.0
6109,5.0
6110,5.0
6111,9.0
6112,0.0
6113,8.0
6114,9.0
6115,5.0
6116,1.0
6117,7.0
6118,2.0
6119,7.0
6120,4.0
6121,7.0
6122,6.0
6123,4.0
6124,9.0
6125,6.0
6126,2.0
6127,7.0
6128,2.0
6129,1.0
6130,1.0
6131,4.0
6132,6.0
6133,6.0
6134,2.0
6135,3.0
6136,8.0
6137,6.0
6138,7.0
6139,8.0
6140,0.0
6141,6.0
6142,0.0
6143,3.0
6144,7.0
6145,0.0
6146,7.0
6147,9.0
6148,5.0
6149,7.0
6150,5.0
6151,7.0
6152,6.0
6153,8.0
6154,3.0
6155,0.0
6156,4.0
6157,0.0
6158,3.0
6159,8.0
6160,3.0
6161,0.0
6162,4.0
6163,0.0
6164,5.0
6165,7.0
6166,8.0
6167,4.0
6168,7.0
6169,8.0
6170,4.0
6171,9.0
6172,5.0
6173,8.0
6174,6.0
6175,9.0
6176,5.0
6177,0.0
6178,4.0
6179,0.0
6180,6.0
6181,9.0
6182,6.0
6183,0.0
6184,5.0
6185,0.0
6186,2.0
6187,3.0
6188,1.0
6189,5.0
6190,6.0
6191,8.0
6192,1.0
6193,2.0
6194,7.0
6195,7.0
6196,7.0
6197,2.0
6198,2.0
6199,1.0
6200,8.0
6201,0.0
6202,7.0
6203,0.0
6204,9.0
6205,8.0
6206,8.0
6207,1.0
6208,3.0
6209,2.0
6210,6.0
6211,7.0
6212,6.0
6213,2.0
6214,7.0
6215,4.0
6216,1.0
6217,8.0
6218,9.0
6219,5.0
6220,7.0
6221,2.0
6222,7.0
6223,7.0
6224,2.0
6225,4.0
6226,2.0
6227,2.0
6228,7.0
6229,8.0
6230,1.0
6231,4.0
6232,2.0
6233,8.0
6234,7.0
6235,2.0
6236,2.0
6237,9.0
6238,0.0
6239,4.0
6240,8.0
6241,2.0
6242,2.0
6243,7.0
6244,0.0
6245,4.0
6246,9.0
6247,8.0
6248,2.0
6249,7.0
6250,7.0
6251,8.0
6252,4.0
6253,9.0
6254,6.0
6255,3.0
6256,2.0
6257,1.0
6258,6.0
6259,4.0
6260,6.0
6261,7.0
6262,5.0
6263,4.0
6264,4.0
6265,4.0
6266,3.0
6267,1.0
6268,7.0
6269,0.0
6270,3.0
6271,3.0
6272,0.0
6273,6.0
6274,1.0
6275,1.0
6276,8.0
6277,0.0
6278,5.0
6279,5.0
6280,9.0
6281,1.0
6282,4.0
6283,4.0
6284,0.0
6285,4.0
6286,1.0
6287,7.0
6288,4.0
6289,7.0
6290,3.0
6291,0.0
6292,5.0
6293,1.0
6294,2.0
6295,8.0
6296,1.0
6297,1.0
6298,4.0
6299,9.0
6300,6.0
6301,3.0
6302,3.0
6303,4.0
6304,3.0
6305,0.0
6306,4.0
6307,6.0
6308,6.0
6309,5.0
6310,0.0
6311,7.0
6312,1.0
6313,7.0
6314,6.0
6315,4.0
6316,4.0
6317,8.0
6318,0.0
6319,9.0
6320,3.0
6321,1.0
6322,3.0
6323,9.0
6324,9.0
6325,9.0
6326,8.0
6327,4.0
6328,7.0
6329,3.0
6330,2.0
6331,5.0
6332,2.0
6333,1.0
6334,8.0
6335,4.0
6336,6.0
6337,7.0
6338,6.0
6339,3.0
6340,9.0
6341,9.0
6342,2.0
6343,3.0
6344,7.0
6345,5.0
6346,7.0
6347,3.0
6348,3.0
6349,6.0
6350,5.0
6351,1.0
6352,1.0
6353,4.0
6354,2.0
6355,1.0
6356,4.0
6357,4.0
6358,1.0
6359,1.0
6360,7.0
6361,6.0
6362,3.0
6363,5.0
6364,6.0
6365,9.0
6366,2.0
6367,4.0
6368,8.0
6369,9.0
6370,4.0
6371,9.0
6372,7.0
6373,4.0
6374,5.0
6375,4.0
6376,3.0
6377,5.0
6378,9.0
6379,0.0
6380,5.0
6381,4.0
6382,2.0
6383,0.0
6384,5.0
6385,6.0
6386,8.0
6387,8.0
6388,8.0
6389,5.0
6390,9.0
6391,6.0
6392,0.0
6393,2.0
6394,4.0
6395,8.0
6396,1.0
6397,1.0
6398,8.0
6399,5.0
6400,8.0
6401,6.0
6402,2.0
6403,1.0
6404,5.0
6405,1.0
6406,1.0
6407,2.0
6408,9.0
6409,5.0
6410,1.0
6411,8.0
6412,2.0
6413,9.0
6414,1.0
6415,8.0
6416,1.0
6417,5.0
6418,1.0
6419,9.0
6420,2.0
6421,4.0
6422,5.0
6423,1.0
6424,7.0
6425,9.0
6426,3.0
6427,0.0
6428,7.0
6429,1.0
6430,8.0
6431,8.0
6432,1.0
6433,1.0
6434,8.0
6435,5.0
6436,1.0
6437,4.0
6438,5.0
6439,5.0
6440,3.0
6441,0.0
6442,9.0
6443,0.0
6444,7.0
6445,4.0
6446,9.0
6447,6.0
6448,9.0
6449,0.0
6450,8.0
6451,2.0
6452,9.0
6453,2.0
6454,1.0
6455,7.0
6456,4.0
6457,8.0
6458,1.0
6459,1.0
6460,5.0
6461,9.0
6462,3.0
6463,4.0
6464,7.0
6465,9.0
6466,5.0
6467,6.0
6468,9.0
6469,6.0
6470,2.0
6471,6.0
6472,2.0
6473,7.0
6474,6.0
6475,0.0
6476,3.0
6477,0.0
6478,8.0
6479,3.0
6480,2.0
6481,0.0
6482,5.0
6483,3.0
6484,4.0
6485,9.0
6486,0.0
6487,3.0
6488,3.0
6489,8.0
6490,1.0
6491,5.0
6492,0.0
6493,6.0
6494,5.0
6495,7.0
6496,2.0
6497,9.0
6498,3.0
6499,7.0
6500,2.0
6501,4.0
6502,0.0
6503,7.0
6504,7.0
6505,6.0
6506,0.0
6507,8.0
6508,4.0
6509,8.0
6510,7.0
6511,9.0
6512,9.0
6513,9.0
6514,5.0
6515,6.0
6516,7.0
6517,5.0
6518,8.0
6519,3.0
6520,7.0
6521,8.0
6522,0.0
6523,7.0
6524,3.0
6525,8.0
6526,4.0
6527,0.0
6528,4.0
6529,4.0
6530,8.0
6531,3.0
6532,8.0
6533,1.0
6534,9.0
6535,8.0
6536,6.0
6537,2.0
6538,8.0
6539,0.0
6540,1.0
6541,6.0
6542,9.0
6543,6.0
6544,4.0
6545,2.0
6546,9.0
6547,1.0
6548,3.0
6549,9.0
6550,1.0
6551,8.0
6552,5.0
6553,9.0
6554,9.0
6555,3.0
6556,6.0
6557,4.0
6558,7.0
6559,9.0
6560,5.0
6561,4.0
6562,8.0
6563,1.0
6564,0.0
6565,1.0
6566,0.0
6567,2.0
6568,2.0
6569,1.0
6570,1.0
6571,5.0
6572,2.0
6573,8.0
6574,9.0
6575,6.0
6576,0.0
6577,8.0
6578,4.0
6579,3.0
6580,4.0
6581,1.0
6582,2.0
6583,8.0
6584,0.0
6585,8.0
6586,7.0
6587,1.0
6588,1.0
6589,8.0
6590,1.0
6591,1.0
6592,0.0
6593,3.0
6594,3.0
6595,4.0
6596,1.0
6597,6.0
6598,9.0
6599,8.0
6600,1.0
6601,2.0
6602,3.0
6603,4.0
6604,3.0
6605,1.0
6606,1.0
6607,8.0
6608,8.0
6609,4.0
6610,9.0
6611,6.0
6612,1.0
6613,1.0
6614,0.0
6615,8.0
6616,5.0
6617,1.0
6618,3.0
6619,0.0
6620,3.0
6621,3.0
6622,2.0
6623,3.0
6624,0.0
6625,3.0
6626,1.0
6627,8.0
6628,2.0
6629,0.0
6630,5.0
6631,7.0
6632,7.0
6633,7.0
6634,6.0
6635,1.0
6636,3.0
6637,8.0
6638,7.0
6639,4.0
6640,9.0
6641,5.0
6642,6.0
6643,9.0
6644,6.0
6645,5.0
6646,3.0
6647,3.0
6648,2.0
6649,6.0
6650,6.0
6651,8.0
6652,9.0
6653,2.0
6654,1.0
6655,4.0
6656,3.0
6657,9.0
6658,7.0
6659,9.0
6660,4.0
6661,6.0
6662,9.0
6663,0.0
6664,9.0
6665,3.0
6666,2.0
6667,4.0
6668,3.0
6669,6.0
6670,1.0
6671,5.0
6672,2.0
6673,9.0
6674,0.0
6675,1.0
6676,1.0
6677,2.0
6678,4.0
6679,6.0
6680,5.0
6681,7.0
6682,3.0
6683,4.0
6684,6.0
6685,6.0
6686,2.0
6687,7.0
6688,6.0
6689,8.0
6690,9.0
6691,0.0
6692,4.0
6693,9.0
6694,3.0
6695,6.0
6696,5.0
6697,5.0
6698,4.0
6699,7.0
6700,2.0
6701,6.0
6702,8.0
6703,2.0
6704,8.0
6705,2.0
6706,4.0
6707,7.0
6708,8.0
6709,5.0
6710,1.0
6711,6.0
6712,0.0
6713,0.0
6714,7.0
6715,4.0
6716,8.0
6717,4.0
6718,4.0
6719,5.0
6720,1.0
6721,2.0
6722,9.0
6723,1.0
6724,7.0
6725,3.0
6726,2.0
6727,2.0
6728,3.0
6729,6.0
6730,0.0
6731,5.0
6732,9.0
6733,5.0
6734,2.0
6735,1.0
6736,3.0
6737,4.0
6738,6.0
6739,1.0
6740,1.0
6741,3.0
6742,6.0
6743,1.0
6744,7.0
6745,0.0
6746,2.0
6747,8.0
6748,6.0
6749,5.0
6750,2.0
6751,1.0
6752,0.0
6753,5.0
6754,4.0
6755,8.0
6756,3.0
6757,7.0
6758,4.0
6759,0.0
6760,9.0
6761,3.0
6762,1.0
6763,8.0
6764,8.0
6765,4.0
6766,7.0
6767,8.0
6768,1.0
6769,3.0
6770,5.0
6771,4.0
6772,3.0
6773,0.0
6774,8.0
6775,4.0
6776,1.0
6777,9.0
6778,6.0
6779,2.0
6780,6.0
6781,7.0
6782,9.0
6783,6.0
6784,0.0
6785,5.0
6786,9.0
6787,1.0
6788,2.0
6789,2.0
6790,7.0
6791,7.0
6792,6.0
6793,0.0
6794,4.0
6795,4.0
6796,1.0
6797,0.0
6798,4.0
6799,5.0
6800,3.0
6801,7.0
6802,7.0
6803,3.0
6804,4.0
6805,3.0
6806,2.0
6807,5.0
6808,3.0
6809,4.0
6810,2.0
6811,9.0
6812,0.0
6813,1.0
6814,4.0
6815,7.0
6816,1.0
6817,9.0
6818,3.0
6819,9.0
6820,9.0
6821,5.0
6822,6.0
6823,3.0
6824,7.0
6825,1.0
6826,1.0
6827,7.0
6828,5.0
6829,4.0
6830,1.0
6831,3.0
6832,7.0
6833,2.0
6834,5.0
6835,6.0
6836,9.0
6837,7.0
6838,7.0
6839,0.0
6840,1.0
6841,2.0
6842,8.0
6843,2.0
6844,1.0
6845,2.0
6846,1.0
6847,6.0
6848,9.0
6849,9.0
6850,9.0
6851,0.0
6852,5.0
6853,8.0
6854,0.0
6855,7.0
6856,6.0
6857,8.0
6858,3.0
6859,7.0
6860,7.0
6861,9.0
6862,8.0
6863,0.0
6864,5.0
6865,6.0
6866,2.0
6867,1.0
6868,6.0
6869,1.0
6870,9.0
6871,5.0
6872,8.0
6873,1.0
6874,4.0
6875,0.0
6876,0.0
6877,1.0
6878,8.0
6879,8.0
6880,6.0
6881,2.0
6882,2.0
6883,9.0
6884,0.0
6885,0.0
6886,1.0
6887,8.0
6888,1.0
6889,8.0
6890,9.0
6891,7.0
6892,4.0
6893,9.0
6894,9.0
6895,7.0
6896,4.0
6897,8.0
6898,3.0
6899,1.0
6900,3.0
6901,8.0
6902,1.0
6903,5.0
6904,6.0
6905,2.0
6906,0.0
6907,5.0
6908,9.0
6909,6.0
6910,6.0
6911,6.0
6912,9.0
6913,2.0
6914,0.0
6915,0.0
6916,2.0
6917,9.0
6918,4.0
6919,1.0
6920,9.0
6921,7.0
6922,6.0
6923,6.0
6924,3.0
6925,3.0
6926,8.0
6927,1.0
6928,1.0
6929,2.0
6930,6.0
6931,9.0
6932,9.0
6933,6.0
6934,4.0
6935,8.0
6936,3.0
6937,2.0
6938,9.0
6939,2.0
6940,5.0
6941,2.0
6942,7.0
6943,9.0
6944,7.0
6945,8.0
6946,2.0
6947,2.0
6948,1.0
6949,0.0
6950,3.0
6951,2.0
6952,6.0
6953,1.0
6954,1.0
6955,8.0
6956,4.0
6957,8.0
6958,8.0
6959,8.0
6960,4.0
6961,0.0
6962,9.0
6963,0.0
6964,0.0
6965,1.0
6966,4.0
6967,7.0
6968,2.0
6969,5.0
6970,6.0
6971,1.0
6972,6.0
6973,6.0
6974,7.0
6975,6.0
6976,4.0
6977,3.0
6978,2.0
6979,8.0
6980,6.0
6981,0.0
6982,7.0
6983,8.0
6984,3.0
6985,1.0
6986,0.0
6987,1.0
6988,9.0
6989,1.0
6990,7.0
6991,3.0
6992,7.0
6993,9.0
6994,4.0
6995,0.0
6996,0.0
6997,7.0
6998,4.0
6999,6.0
7000,4.0
7001,1.0
7002,7.0
7003,9.0
7004,8.0
7005,2.0
7006,4.0
7007,8.0
7008,3.0
7009,1.0
7010,6.0
7011,0.0
7012,1.0
7013,7.0
7014,5.0
7015,3.0
7016,6.0
7017,6.0
7018,2.0
7019,0.0
7020,2.0
7021,7.0
7022,9.0
7023,6.0
7024,6.0
7025,4.0
7026,9.0
7027,1.0
7028,0.0
7029,5.0
7030,9.0
7031,0.0
7032,8.0
7033,2.0
7034,0.0
7035,3.0
7036,0.0
7037,5.0
7038,9.0
7039,4.0
7040,1.0
7041,3.0
7042,4.0
7043,6.0
7044,7.0
7045,7.0
7046,4.0
7047,2.0
7048,3.0
7049,1.0
7050,7.0
7051,3.0
7052,1.0
7053,5.0
7054,8.0
7055,0.0
7056,3.0
7057,1.0
7058,9.0
7059,9.0
7060,1.0
7061,3.0
7062,7.0
7063,9.0
7064,1.0
7065,5.0
7066,2.0
7067,0.0
7068,9.0
7069,9.0
7070,5.0
7071,0.0
7072,6.0
7073,8.0
7074,1.0
7075,9.0
7076,4.0
7077,6.0
7078,8.0
7079,8.0
7080,3.0
7081,2.0
7082,6.0
7083,3.0
7084,9.0
7085,1.0
7086,7.0
7087,7.0
7088,8.0
7089,2.0
7090,5.0
7091,0.0
7092,8.0
7093,5.0
7094,0.0
7095,2.0
7096,5.0
7097,8.0
7098,2.0
7099,3.0
7100,5.0
7101,0.0
7102,4.0
7103,2.0
7104,7.0
7105,5.0
7106,2.0
7107,8.0
7108,4.0
7109,3.0
7110,0.0
7111,8.0
7112,3.0
7113,9.0
7114,3.0
7115,8.0
7116,3.0
7117,8.0
7118,2.0
7119,6.0
7120,9.0
7121,2.0
7122,4.0
7123,1.0
7124,5.0
7125,2.0
7126,8.0
7127,5.0
7128,9.0
7129,8.0
7130,1.0
7131,1.0
7132,5.0
7133,1.0
7134,5.0
7135,6.0
7136,5.0
7137,2.0
7138,9.0
7139,2.0
7140,4.0
7141,2.0
7142,0.0
7143,3.0
7144,6.0
7145,7.0
7146,9.0
7147,4.0
7148,3.0
7149,9.0
7150,6.0
7151,1.0
7152,4.0
7153,8.0
7154,1.0
7155,2.0
7156,8.0
7157,1.0
7158,0.0
7159,0.0
7160,9.0
7161,8.0
7162,6.0
7163,2.0
7164,5.0
7165,1.0
7166,8.0
7167,6.0
7168,3.0
7169,3.0
7170,8.0
7171,4.0
7172,5.0
7173,7.0
7174,1.0
7175,5.0
7176,5.0
7177,1.0
7178,2.0
7179,3.0
7180,3.0
7181,2.0
7182,5.0
7183,7.0
7184,9.0
7185,9.0
7186,3.0
7187,1.0
7188,5.0
7189,0.0
7190,0.0
7191,1.0
7192,5.0
7193,4.0
7194,0.0
7195,6.0
7196,3.0
7197,0.0
7198,4.0
7199,4.0
7200,6.0
7201,6.0
7202,2.0
7203,2.0
7204,1.0
7205,2.0
7206,4.0
7207,7.0
7208,0.0
7209,5.0
7210,8.0
7211,9.0
7212,4.0
7213,2.0
7214,5.0
7215,8.0
7216,0.0
7217,7.0
7218,4.0
7219,1.0
7220,5.0
7221,2.0
7222,9.0
7223,9.0
7224,4.0
7225,6.0
7226,8.0
7227,5.0
7228,1.0
7229,5.0
7230,9.0
7231,7.0
7232,9.0
7233,6.0
7234,0.0
7235,9.0
7236,6.0
7237,0.0
7238,9.0
7239,9.0
7240,5.0
7241,0.0
7242,2.0
7243,5.0
7244,6.0
7245,6.0
7246,2.0
7247,9.0
7248,1.0
7249,6.0
7250,8.0
7251,1.0
7252,1.0
7253,3.0
7254,7.0
7255,3.0
7256,1.0
7257,7.0
7258,0.0
7259,8.0
7260,1.0
7261,5.0
7262,3.0
7263,0.0
7264,9.0
7265,2.0
7266,5.0
7267,1.0
7268,8.0
7269,1.0
7270,8.0
7271,3.0
7272,7.0
7273,6.0
7274,1.0
7275,9.0
7276,7.0
7277,1.0
7278,5.0
7279,6.0
7280,7.0
7281,6.0
7282,0.0
7283,9.0
7284,5.0
7285,8.0
7286,1.0
7287,1.0
7288,9.0
7289,0.0
7290,8.0
7291,3.0
7292,1.0
7293,5.0
7294,7.0
7295,6.0
7296,7.0
7297,1.0
7298,5.0
7299,6.0
7300,3.0
7301,4.0
7302,7.0
7303,7.0
7304,6.0
7305,3.0
7306,9.0
7307,1.0
7308,4.0
7309,1.0
7310,1.0
7311,8.0
7312,2.0
7313,8.0
7314,5.0
7315,3.0
7316,9.0
7317,7.0
7318,2.0
7319,5.0
7320,2.0
7321,2.0
7322,6.0
7323,6.0
7324,4.0
7325,5.0
7326,2.0
7327,7.0
7328,6.0
7329,3.0
7330,3.0
7331,8.0
7332,7.0
7333,9.0
7334,6.0
7335,0.0
7336,0.0
7337,3.0
7338,9.0
7339,1.0
7340,8.0
7341,4.0
7342,6.0
7343,5.0
7344,6.0
7345,4.0
7346,6.0
7347,7.0
7348,5.0
7349,7.0
7350,9.0
7351,0.0
7352,8.0
7353,5.0
7354,6.0
7355,8.0
7356,5.0
7357,5.0
7358,0.0
7359,0.0
7360,7.0
7361,7.0
7362,7.0
7363,6.0
7364,6.0
7365,1.0
7366,5.0
7367,1.0
7368,6.0
7369,5.0
7370,6.0
7371,2.0
7372,4.0
7373,3.0
7374,4.0
7375,1.0
7376,3.0
7377,3.0
7378,8.0
7379,2.0
7380,5.0
7381,9.0
7382,1.0
7383,1.0
7384,6.0
7385,2.0
7386,8.0
7387,6.0
7388,2.0
7389,3.0
7390,2.0
7391,6.0
7392,5.0
7393,4.0
7394,7.0
7395,9.0
7396,5.0
7397,3.0
7398,8.0
7399,7.0
7400,6.0
7401,0.0
7402,9.0
7403,5.0
7404,6.0
7405,4.0
7406,5.0
7407,5.0
7408,9.0
7409,9.0
7410,5.0
7411,0.0
7412,8.0
7413,1.0
7414,1.0
7415,6.0
7416,5.0
7417,1.0
7418,4.0
7419,7.0
7420,8.0
7421,2.0
7422,0.0
7423,7.0
7424,0.0
7425,4.0
7426,5.0
7427,3.0
7428,2.0
7429,5.0
7430,1.0
7431,7.0
7432,4.0
7433,5.0
7434,6.0
7435,8.0
7436,1.0
7437,9.0
7438,8.0
7439,2.0
7440,8.0
7441,6.0
7442,1.0
7443,9.0
7444,7.0
7445,8.0
7446,9.0
7447,2.0
7448,9.0
7449,1.0
7450,1.0
7451,9.0
7452,1.0
7453,8.0
7454,7.0
7455,1.0
7456,8.0
7457,3.0
7458,8.0
7459,8.0
7460,7.0
7461,2.0
7462,6.0
7463,7.0
7464,5.0
7465,6.0
7466,2.0
7467,1.0
7468,1.0
7469,2.0
7470,4.0
7471,7.0
7472,5.0
7473,1.0
7474,4.0
7475,8.0
7476,1.0
7477,9.0
7478,6.0
7479,6.0
7480,5.0
7481,9.0
7482,1.0
7483,5.0
7484,3.0
7485,7.0
7486,4.0
7487,4.0
7488,8.0
7489,8.0
7490,2.0
7491,4.0
7492,3.0
7493,4.0
7494,1.0
7495,7.0
7496,9.0
7497,9.0
7498,5.0
7499,0.0
7500,8.0
7501,3.0
7502,9.0
7503,8.0
7504,9.0
7505,7.0
7506,2.0
7507,7.0
7508,8.0
7509,6.0
7510,9.0
7511,4.0
7512,9.0
7513,0.0
7514,8.0
7515,1.0
7516,0.0
7517,1.0
7518,0.0
7519,0.0
7520,2.0
7521,8.0
7522,6.0
7523,2.0
7524,6.0
7525,0.0
7526,7.0
7527,5.0
7528,7.0
7529,7.0
7530,6.0
7531,8.0
7532,1.0
7533,5.0
7534,3.0
7535,7.0
7536,0.0
7537,2.0
7538,7.0
7539,5.0
7540,6.0
7541,8.0
7542,8.0
7543,2.0
7544,0.0
7545,2.0
7546,3.0
7547,5.0
7548,7.0
7549,2.0
7550,1.0
7551,0.0
7552,4.0
7553,8.0
7554,0.0
7555,4.0
7556,5.0
7557,5.0
7558,0.0
7559,5.0
7560,5.0
7561,0.0
7562,9.0
7563,1.0
7564,5.0
7565,3.0
7566,4.0
7567,8.0
7568,9.0
7569,6.0
7570,7.0
7571,0.0
7572,5.0
7573,1.0
7574,8.0
7575,7.0
7576,4.0
7577,7.0
7578,2.0
7579,9.0
7580,1.0
7581,0.0
7582,5.0
7583,1.0
7584,2.0
7585,7.0
7586,7.0
7587,0.0
7588,5.0
7589,1.0
7590,6.0
7591,1.0
7592,3.0
7593,3.0
7594,4.0
7595,4.0
7596,4.0
7597,2.0
7598,1.0
7599,8.0
7600,8.0
7601,9.0
7602,0.0
7603,6.0
7604,2.0
7605,5.0
7606,0.0
7607,5.0
7608,5.0
7609,7.0
7610,9.0
7611,0.0
7612,3.0
7613,7.0
7614,5.0
7615,3.0
7616,6.0
7617,2.0
7618,3.0
7619,1.0
7620,7.0
7621,9.0
7622,5.0
7623,1.0
7624,3.0
7625,1.0
7626,4.0
7627,7.0
7628,1.0
7629,4.0
7630,4.0
7631,4.0
7632,9.0
7633,1.0
7634,3.0
7635,7.0
7636,5.0
7637,2.0
7638,0.0
7639,7.0
7640,9.0
7641,3.0
7642,6.0
7643,5.0
7644,5.0
7645,8.0
7646,7.0
7647,3.0
7648,6.0
7649,7.0
7650,2.0
7651,8.0
7652,3.0
7653,3.0
7654,3.0
7655,1.0
7656,8.0
7657,3.0
7658,7.0
7659,3.0
7660,6.0
7661,8.0
7662,2.0
7663,2.0
7664,7.0
7665,4.0
7666,9.0
7667,6.0
7668,2.0
7669,5.0
7670,3.0
7671,4.0
7672,7.0
7673,1.0
7674,1.0
7675,1.0
7676,8.0
7677,7.0
7678,5.0
7679,3.0
7680,0.0
7681,7.0
7682,1.0
7683,6.0
7684,5.0
7685,2.0
7686,2.0
7687,5.0
7688,9.0
7689,5.0
7690,7.0
7691,7.0
7692,9.0
7693,2.0
7694,3.0
7695,4.0
7696,6.0
7697,1.0
7698,3.0
7699,9.0
7700,7.0
7701,7.0
7702,7.0
7703,1.0
7704,8.0
7705,2.0
7706,9.0
7707,0.0
7708,2.0
7709,8.0
7710,4.0
7711,0.0
7712,2.0
7713,3.0
7714,0.0
7715,0.0
7716,1.0
7717,4.0
7718,3.0
7719,5.0
7720,1.0
7721,2.0
7722,2.0
7723,2.0
7724,5.0
7725,2.0
7726,3.0
7727,9.0
7728,5.0
7729,7.0
7730,6.0
7731,5.0
7732,9.0
7733,9.0
7734,3.0
7735,6.0
7736,7.0
7737,1.0
7738,9.0
7739,6.0
7740,5.0
7741,5.0
7742,2.0
7743,8.0
7744,6.0
7745,9.0
7746,0.0
7747,3.0
7748,7.0
7749,4.0
7750,0.0
7751,6.0
7752,1.0
7753,4.0
7754,0.0
7755,5.0
7756,6.0
7757,2.0
7758,5.0
7759,8.0
7760,9.0
7761,4.0
7762,9.0
7763,8.0
7764,3.0
7765,4.0
7766,3.0
7767,3.0
7768,9.0
7769,7.0
7770,6.0
7771,4.0
7772,6.0
7773,7.0
7774,7.0
7775,0.0
7776,9.0
7777,2.0
7778,1.0
7779,2.0
7780,3.0
7781,7.0
7782,8.0
7783,4.0
7784,7.0
7785,7.0
7786,7.0
7787,5.0
7788,5.0
7789,9.0
7790,4.0
7791,1.0
7792,2.0
7793,0.0
7794,0.0
7795,8.0
7796,3.0
7797,0.0
7798,7.0
7799,3.0
7800,4.0
7801,9.0
7802,8.0
7803,7.0
7804,5.0
7805,3.0
7806,8.0
7807,8.0
7808,3.0
7809,7.0
7810,6.0
7811,1.0
7812,3.0
7813,4.0
7814,4.0
7815,9.0
7816,7.0
7817,5.0
7818,2.0
7819,6.0
7820,0.0
7821,1.0
7822,5.0
7823,3.0
7824,8.0
7825,9.0
7826,9.0
7827,5.0
7828,7.0
7829,9.0
7830,4.0
7831,2.0
7832,5.0
7833,5.0
7834,1.0
7835,2.0
7836,3.0
7837,0.0
7838,6.0
7839,0.0
7840,3.0
7841,5.0
7842,2.0
7843,6.0
7844,6.0
7845,9.0
7846,0.0
7847,9.0
7848,2.0
7849,9.0
7850,1.0
7851,0.0
7852,4.0
7853,2.0
7854,5.0
7855,0.0
7856,3.0
7857,9.0
7858,2.0
7859,4.0
7860,4.0
7861,3.0
7862,5.0
7863,9.0
7864,4.0
7865,2.0
7866,2.0
7867,2.0
7868,8.0
7869,6.0
7870,8.0
7871,5.0
7872,0.0
7873,1.0
7874,6.0
7875,2.0
7876,1.0
7877,4.0
7878,2.0
7879,5.0
7880,5.0
7881,3.0
7882,6.0
7883,0.0
7884,8.0
7885,5.0
7886,2.0
7887,9.0
7888,1.0
7889,2.0
7890,5.0
7891,6.0
7892,5.0
7893,3.0
7894,6.0
7895,1.0
7896,7.0
7897,4.0
7898,1.0
7899,3.0
7900,3.0
7901,4.0
7902,7.0
7903,1.0
7904,9.0
7905,2.0
7906,6.0
7907,5.0
7908,8.0
7909,7.0
7910,8.0
7911,6.0
7912,5.0
7913,0.0
7914,2.0
7915,4.0
7916,8.0
7917,1.0
7918,3.0
7919,7.0
7920,8.0
7921,1.0
7922,3.0
7923,7.0
7924,2.0
7925,7.0
7926,0.0
7927,1.0
7928,0.0
7929,8.0
7930,5.0
7931,4.0
7932,7.0
7933,5.0
7934,3.0
7935,3.0
7936,8.0
7937,7.0
7938,4.0
7939,1.0
7940,1.0
7941,7.0
7942,3.0
7943,5.0
7944,3.0
7945,6.0
7946,5.0
7947,7.0
7948,3.0
7949,6.0
7950,2.0
7951,1.0
7952,8.0
7953,8.0
7954,2.0
7955,0.0
7956,3.0
7957,3.0
7958,6.0
7959,5.0
7960,9.0
7961,0.0
7962,8.0
7963,2.0
7964,8.0
7965,7.0
7966,1.0
7967,5.0
7968,7.0
7969,8.0
7970,3.0
7971,6.0
7972,1.0
7973,2.0
7974,1.0
7975,0.0
7976,0.0
7977,1.0
7978,6.0
7979,7.0
7980,7.0
7981,1.0
7982,1.0
7983,6.0
7984,2.0
7985,6.0
7986,3.0
7987,2.0
7988,4.0
7989,8.0
7990,2.0
7991,6.0
7992,2.0
7993,8.0
7994,9.0
7995,6.0
7996,3.0
7997,6.0
7998,2.0
7999,6.0
8000,8.0
8001,4.0
8002,5.0
8003,8.0
8004,6.0
8005,6.0
8006,0.0
8007,6.0
8008,2.0
8009,0.0
8010,6.0
8011,2.0
8012,8.0
8013,0.0
8014,0.0
8015,9.0
8016,3.0
8017,4.0
8018,4.0
8019,3.0
8020,2.0
8021,1.0
8022,3.0
8023,9.0
8024,2.0
8025,9.0
8026,0.0
8027,1.0
8028,2.0
8029,8.0
8030,7.0
8031,5.0
8032,6.0
8033,8.0
8034,3.0
8035,9.0
8036,0.0
8037,1.0
8038,6.0
8039,4.0
8040,4.0
8041,7.0
8042,1.0
8043,7.0
8044,2.0
8045,0.0
8046,0.0
8047,2.0
8048,9.0
8049,7.0
8050,9.0
8051,6.0
8052,2.0
8053,2.0
8054,8.0
8055,8.0
8056,3.0
8057,5.0
8058,4.0
8059,6.0
8060,2.0
8061,3.0
8062,9.0
8063,7.0
8064,5.0
8065,1.0
8066,4.0
8067,3.0
8068,0.0
8069,8.0
8070,1.0
8071,9.0
8072,1.0
8073,6.0
8074,9.0
8075,1.0
8076,1.0
8077,2.0
8078,6.0
8079,9.0
8080,7.0
8081,1.0
8082,3.0
8083,9.0
8084,8.0
8085,2.0
8086,6.0
8087,0.0
8088,1.0
8089,3.0
8090,2.0
8091,5.0
8092,6.0
8093,3.0
8094,4.0
8095,5.0
8096,3.0
8097,1.0
8098,8.0
8099,3.0
8100,6.0
8101,8.0
8102,1.0
8103,7.0
8104,0.0
8105,8.0
8106,3.0
8107,2.0
8108,8.0
8109,4.0
8110,5.0
8111,7.0
8112,7.0
8113,1.0
8114,6.0
8115,3.0
8116,7.0
8117,2.0
8118,4.0
8119,7.0
8120,3.0
8121,1.0
8122,2.0
8123,7.0
8124,1.0
8125,5.0
8126,5.0
8127,9.0
8128,4.0
8129,2.0
8130,1.0
8131,5.0
8132,3.0
8133,9.0
8134,1.0
8135,1.0
8136,2.0
8137,8.0
8138,3.0
8139,4.0
8140,8.0
8141,1.0
8142,1.0
8143,4.0
8144,0.0
8145,2.0
8146,8.0
8147,9.0
8148,5.0
8149,2.0
8150,0.0
8151,5.0
8152,3.0
8153,9.0
8154,5.0
8155,6.0
8156,1.0
8157,2.0
8158,0.0
8159,3.0
8160,4.0
8161,3.0
8162,4.0
8163,7.0
8164,7.0
8165,5.0
8166,7.0
8167,0.0
8168,5.0
8169,0.0
8170,7.0
8171,2.0
8172,8.0
8173,1.0
8174,9.0
8175,0.0
8176,6.0
8177,6.0
8178,1.0
8179,8.0
8180,5.0
8181,6.0
8182,9.0
8183,4.0
8184,1.0
8185,2.0
8186,8.0
8187,1.0
8188,1.0
8189,4.0
8190,4.0
8191,5.0
8192,5.0
8193,6.0
8194,0.0
8195,5.0
8196,0.0
8197,1.0
8198,4.0
8199,9.0
8200,5.0
8201,5.0
8202,9.0
8203,8.0
8204,3.0
8205,7.0
8206,1.0
8207,0.0
8208,0.0
8209,5.0
8210,9.0
8211,2.0
8212,7.0
8213,7.0
8214,7.0
8215,3.0
8216,2.0
8217,4.0
8218,7.0
8219,1.0
8220,4.0
8221,8.0
8222,1.0
8223,3.0
8224,7.0
8225,4.0
8226,7.0
8227,0.0
8228,2.0
8229,9.0
8230,3.0
8231,6.0
8232,7.0
8233,5.0
8234,9.0
8235,3.0
8236,8.0
8237,0.0
8238,3.0
8239,8.0
8240,6.0
8241,1.0
8242,7.0
8243,6.0
8244,1.0
8245,1.0
8246,6.0
8247,6.0
8248,4.0
8249,7.0
8250,9.0
8251,2.0
8252,6.0
8253,7.0
8254,3.0
8255,6.0
8256,9.0
8257,1.0
8258,1.0
8259,0.0
8260,1.0
8261,5.0
8262,1.0
8263,5.0
8264,5.0
8265,8.0
8266,2.0
8267,7.0
8268,8.0
8269,1.0
8270,8.0
8271,1.0
8272,5.0
8273,4.0
8274,2.0
8275,1.0
8276,7.0
8277,0.0
8278,7.0
8279,1.0
8280,5.0
8281,6.0
8282,5.0
8283,8.0
8284,8.0
8285,9.0
8286,6.0
8287,3.0
8288,4.0
8289,6.0
8290,7.0
8291,2.0
8292,1.0
8293,2.0
8294,8.0
8295,4.0
8296,7.0
8297,5.0
8298,2.0
8299,9.0
8300,6.0
8301,9.0
8302,2.0
8303,9.0
8304,3.0
8305,5.0
8306,3.0
8307,2.0
8308,3.0
8309,1.0
8310,2.0
8311,0.0
8312,1.0
8313,5.0
8314,2.0
8315,4.0
8316,7.0
8317,6.0
8318,9.0
8319,7.0
8320,8.0
8321,8.0
8322,7.0
8323,2.0
8324,4.0
8325,0.0
8326,0.0
8327,8.0
8328,6.0
8329,9.0
8330,3.0
8331,0.0
8332,1.0
8333,1.0
8334,5.0
8335,7.0
8336,5.0
8337,4.0
8338,2.0
8339,9.0
8340,4.0
8341,3.0
8342,7.0
8343,1.0
8344,4.0
8345,9.0
8346,0.0
8347,1.0
8348,3.0
8349,7.0
8350,6.0
8351,9.0
8352,0.0
8353,0.0
8354,2.0
8355,1.0
8356,3.0
8357,1.0
8358,0.0
8359,6.0
8360,1.0
8361,0.0
8362,5.0
8363,7.0
8364,7.0
8365,2.0
8366,1.0
8367,1.0
8368,0.0
8369,0.0
8370,0.0
8371,8.0
8372,6.0
8373,4.0
8374,3.0
8375,5.0
8376,0.0
8377,9.0
8378,4.0
8379,0.0
8380,5.0
8381,4.0
8382,7.0
8383,4.0
8384,2.0
8385,6.0
8386,4.0
8387,4.0
8388,1.0
8389,0.0
8390,7.0
8391,3.0
8392,9.0
8393,9.0
8394,6.0
8395,6.0
8396,9.0
8397,2.0
8398,2.0
8399,7.0
8400,2.0
